0,0
0.001,3
0.002,3
0.003,3
0.004,3
0.005,3
0.006,3
0.007,3
0.008,3
0.009,3
0.01,3
0.011,3
0.012,3
0.013,3
0.014,3
0.015,3
0.016,3
0.017,3
0.018,3
0.019,3
0.02,3
0.021,3
0.022,3
0.023,3
0.024,3
0.025,3
0.026,3
0.027,3
0.028,3
0.029,3
0.03,3
0.031,3
0.032,3
0.033,3
0.034,3
0.035,3
0.036,3
0.037,3
0.038,3
0.039,3
0.04,3
0.041,3
0.042,3
0.043,3
0.044,3
0.045,3
0.046,3
0.047,3
0.048,3
0.049,3
0.05,3
0.051,3
0.052,3
0.053,3
0.054,3
0.055,3
0.056,3
0.057,3
0.058,3
0.059,3
0.06,3
0.061,3
0.062,3
0.063,3
0.064,3
0.065,3
0.066,3
0.067,3
0.068,3
0.069,3
0.07,3
0.071,3
0.072,3
0.073,3
0.074,3
0.075,3
0.076,3
0.077,3
0.078,3
0.079,3
0.08,3
0.081,3
0.082,3
0.083,3
0.084,3
0.085,3
0.086,3
0.087,3
0.088,3
0.089,3
0.09,3
0.091,3
0.092,3
0.093,3
0.094,3
0.095,3
0.096,3
0.097,3
0.098,3
0.099,3
0.1,3
0.101,3
0.102,3
0.103,3
0.104,3
0.105,3
0.106,3
0.107,3
0.108,3
0.109,3
0.11,3
0.111,3
0.112,3
0.113,3
0.114,3
0.115,3
0.116,3
0.117,3
0.118,3
0.119,3
0.12,3
0.121,3
0.122,3
0.123,3
0.124,3
0.125,3
0.126,3
0.127,3
0.128,3
0.129,3
0.13,3
0.131,3
0.132,3
0.133,3
0.134,3
0.135,3
0.136,3
0.137,3
0.138,3
0.139,3
0.14,3
0.141,3
0.142,3
0.143,3
0.144,3
0.145,3
0.146,3
0.147,3
0.148,3
0.149,3
0.15,3
0.151,3
0.152,3
0.153,3
0.154,3
0.155,3
0.156,3
0.157,3
0.158,3
0.159,3
0.16,3
0.161,3
0.162,3
0.163,3
0.164,3
0.165,3
0.166,3
0.167,3
0.168,3
0.169,3
0.17,3
0.171,3
0.172,3
0.173,3
0.174,3
0.175,3
0.176,3
0.177,3
0.178,3
0.179,3
0.18,3
0.181,3
0.182,3
0.183,3
0.184,3
0.185,3
0.186,3
0.187,3
0.188,3
0.189,3
0.19,3
0.191,3
0.192,3
0.193,3
0.194,3
0.195,3
0.196,3
0.197,3
0.198,3
0.199,3
0.2,3
0.201,3
0.202,3
0.203,3
0.204,3
0.205,3
0.206,3
0.207,3
0.208,3
0.209,3
0.21,3
0.211,3
0.212,3
0.213,3
0.214,3
0.215,3
0.216,3
0.217,3
0.218,3
0.219,3
0.22,3
0.221,3
0.222,3
0.223,3
0.224,3
0.225,3
0.226,3
0.227,3
0.228,3
0.229,3
0.23,3
0.231,3
0.232,3
0.233,3
0.234,3
0.235,3
0.236,3
0.237,3
0.238,3
0.239,3
0.24,3
0.241,3
0.242,3
0.243,3
0.244,3
0.245,3
0.246,3
0.247,3
0.248,3
0.249,3
0.25,3
0.251,3
0.252,3
0.253,3
0.254,3
0.255,3
0.256,3
0.257,3
0.258,3
0.259,3
0.26,3
0.261,3
0.262,3
0.263,3
0.264,3
0.265,3
0.266,3
0.267,3
0.268,3
0.269,3
0.27,3
0.271,3
0.272,3
0.273,3
0.274,3
0.275,3
0.276,3
0.277,3
0.278,3
0.279,3
0.28,3
0.281,3
0.282,3
0.283,3
0.284,3
0.285,3
0.286,3
0.287,3
0.288,3
0.289,3
0.29,3
0.291,3
0.292,3
0.293,3
0.294,3
0.295,3
0.296,3
0.297,3
0.298,3
0.299,3
0.3,3
0.301,3
0.302,3
0.303,3
0.304,3
0.305,3
0.306,3
0.307,3
0.308,3
0.309,3
0.31,3
0.311,3
0.312,3
0.313,3
0.314,3
0.315,3
0.316,3
0.317,3
0.318,3
0.319,3
0.32,3
0.321,3
0.322,3
0.323,3
0.324,3
0.325,3
0.326,3
0.327,3
0.328,3
0.329,3
0.33,3
0.331,3
0.332,3
0.333,3
0.334,3
0.335,3
0.336,3
0.337,3
0.338,3
0.339,3
0.34,3
0.341,3
0.342,3
0.343,3
0.344,3
0.345,3
0.346,3
0.347,3
0.348,3
0.349,3
0.35,3
0.351,3
0.352,3
0.353,3
0.354,3
0.355,3
0.356,3
0.357,3
0.358,3
0.359,3
0.36,3
0.361,3
0.362,3
0.363,3
0.364,3
0.365,3
0.366,3
0.367,3
0.368,3
0.369,3
0.37,3
0.371,3
0.372,3
0.373,3
0.374,3
0.375,3
0.376,3
0.377,3
0.378,3
0.379,3
0.38,3
0.381,3
0.382,3
0.383,3
0.384,3
0.385,3
0.386,3
0.387,3
0.388,3
0.389,3
0.39,3
0.391,3
0.392,3
0.393,3
0.394,3
0.395,3
0.396,3
0.397,3
0.398,3
0.399,3
0.4,3
0.401,3
0.402,3
0.403,3
0.404,3
0.405,3
0.406,3
0.407,3
0.408,3
0.409,3
0.41,3
0.411,3
0.412,3
0.413,3
0.414,3
0.415,3
0.416,3
0.417,3
0.418,3
0.419,3
0.42,3
0.421,3
0.422,3
0.423,3
0.424,3
0.425,3
0.426,3
0.427,3
0.428,3
0.429,3
0.43,3
0.431,3
0.432,3
0.433,3
0.434,3
0.435,3
0.436,3
0.437,3
0.438,3
0.439,3
0.44,3
0.441,3
0.442,3
0.443,3
0.444,3
0.445,3
0.446,3
0.447,3
0.448,3
0.449,3
0.45,3
0.451,3
0.452,3
0.453,3
0.454,3
0.455,3
0.456,3
0.457,3
0.458,3
0.459,3
0.46,3
0.461,3
0.462,3
0.463,3
0.464,3
0.465,3
0.466,3
0.467,3
0.468,3
0.469,3
0.47,3
0.471,3
0.472,3
0.473,3
0.474,3
0.475,3
0.476,3
0.477,3
0.478,3
0.479,3
0.48,3
0.481,3
0.482,3
0.483,3
0.484,3
0.485,3
0.486,3
0.487,3
0.488,3
0.489,3
0.49,3
0.491,3
0.492,3
0.493,3
0.494,3
0.495,3
0.496,3
0.497,3
0.498,3
0.499,3
0.5,3
0.501,3
0.502,3
0.503,3
0.504,3
0.505,3
0.506,3
0.507,3
0.508,3
0.509,3
0.51,3
0.511,3
0.512,3
0.513,3
0.514,3
0.515,3
0.516,3
0.517,3
0.518,3
0.519,3
0.52,3
0.521,3
0.522,3
0.523,3
0.524,3
0.525,3
0.526,3
0.527,3
0.528,3
0.529,3
0.53,3
0.531,3
0.532,3
0.533,3
0.534,3
0.535,3
0.536,3
0.537,3
0.538,3
0.539,3
0.54,3
0.541,3
0.542,3
0.543,3
0.544,3
0.545,3
0.546,3
0.547,3
0.548,3
0.549,3
0.55,3
0.551,3
0.552,3
0.553,3
0.554,3
0.555,3
0.556,3
0.557,3
0.558,3
0.559,3
0.56,3
0.561,3
0.562,3
0.563,3
0.564,3
0.565,3
0.566,3
0.567,3
0.568,3
0.569,3
0.57,3
0.571,3
0.572,3
0.573,3
0.574,3
0.575,3
0.576,3
0.577,3
0.578,3
0.579,3
0.58,3
0.581,3
0.582,3
0.583,3
0.584,3
0.585,3
0.586,3
0.587,3
0.588,3
0.589,3
0.59,3
0.591,3
0.592,3
0.593,3
0.594,3
0.595,3
0.596,3
0.597,3
0.598,3
0.599,3
0.6,3
0.601,3
0.602,3
0.603,3
0.604,3
0.605,3
0.606,3
0.607,3
0.608,3
0.609,3
0.61,3
0.611,3
0.612,3
0.613,3
0.614,3
0.615,3
0.616,3
0.617,3
0.618,3
0.619,3
0.62,3
0.621,3
0.622,3
0.623,3
0.624,3
0.625,3
0.626,3
0.627,3
0.628,3
0.629,3
0.63,3
0.631,3
0.632,3
0.633,3
0.634,3
0.635,3
0.636,3
0.637,3
0.638,3
0.639,3
0.64,3
0.641,3
0.642,3
0.643,3
0.644,3
0.645,3
0.646,3
0.647,3
0.648,3
0.649,3
0.65,3
0.651,3
0.652,3
0.653,3
0.654,3
0.655,3
0.656,3
0.657,3
0.658,3
0.659,3
0.66,3
0.661,3
0.662,3
0.663,3
0.664,3
0.665,3
0.666,3
0.667,3
0.668,3
0.669,3
0.67,3
0.671,3
0.672,3
0.673,3
0.674,3
0.675,3
0.676,3
0.677,3
0.678,3
0.679,3
0.68,3
0.681,3
0.682,3
0.683,3
0.684,3
0.685,3
0.686,3
0.687,3
0.688,3
0.689,3
0.69,3
0.691,3
0.692,3
0.693,3
0.694,3
0.695,3
0.696,3
0.697,3
0.698,3
0.699,3
0.7,3
0.701,3
0.702,3
0.703,3
0.704,3
0.705,3
0.706,3
0.707,3
0.708,3
0.709,3
0.71,3
0.711,3
0.712,3
0.713,3
0.714,3
0.715,3
0.716,3
0.717,3
0.718,3
0.719,3
0.72,3
0.721,3
0.722,3
0.723,3
0.724,3
0.725,3
0.726,3
0.727,3
0.728,3
0.729,3
0.73,3
0.731,3
0.732,3
0.733,3
0.734,3
0.735,3
0.736,3
0.737,3
0.738,3
0.739,3
0.74,3
0.741,3
0.742,3
0.743,3
0.744,3
0.745,3
0.746,3
0.747,3
0.748,3
0.749,3
0.75,3
0.751,3
0.752,3
0.753,3
0.754,3
0.755,3
0.756,3
0.757,3
0.758,3
0.759,3
0.76,3
0.761,3
0.762,3
0.763,3
0.764,3
0.765,3
0.766,3
0.767,3
0.768,3
0.769,3
0.77,3
0.771,3
0.772,3
0.773,3
0.774,3
0.775,3
0.776,3
0.777,3
0.778,3
0.779,3
0.78,3
0.781,3
0.782,3
0.783,3
0.784,3
0.785,3
0.786,3
0.787,3
0.788,3
0.789,3
0.79,3
0.791,3
0.792,3
0.793,3
0.794,3
0.795,3
0.796,3
0.797,3
0.798,3
0.799,3
0.8,3
0.801,3
0.802,3
0.803,3
0.804,3
0.805,3
0.806,3
0.807,3
0.808,3
0.809,3
0.81,3
0.811,3
0.812,3
0.813,3
0.814,3
0.815,3
0.816,3
0.817,3
0.818,3
0.819,3
0.82,3
0.821,3
0.822,3
0.823,3
0.824,3
0.825,3
0.826,3
0.827,3
0.828,3
0.829,3
0.83,3
0.831,3
0.832,3
0.833,3
0.834,3
0.835,3
0.836,3
0.837,3
0.838,3
0.839,3
0.84,3
0.841,3
0.842,3
0.843,3
0.844,3
0.845,3
0.846,3
0.847,3
0.848,3
0.849,3
0.85,3
0.851,3
0.852,3
0.853,3
0.854,3
0.855,3
0.856,3
0.857,3
0.858,3
0.859,3
0.86,3
0.861,3
0.862,3
0.863,3
0.864,3
0.865,3
0.866,3
0.867,3
0.868,3
0.869,3
0.87,3
0.871,3
0.872,3
0.873,3
0.874,3
0.875,3
0.876,3
0.877,3
0.878,3
0.879,3
0.88,3
0.881,3
0.882,3
0.883,3
0.884,3
0.885,3
0.886,3
0.887,3
0.888,3
0.889,3
0.89,3
0.891,3
0.892,3
0.893,3
0.894,3
0.895,3
0.896,3
0.897,3
0.898,3
0.899,3
0.9,3
0.901,3
0.902,3
0.903,3
0.904,3
0.905,3
0.906,3
0.907,3
0.908,3
0.909,3
0.91,3
0.911,3
0.912,3
0.913,3
0.914,3
0.915,3
0.916,3
0.917,3
0.918,3
0.919,3
0.92,3
0.921,3
0.922,3
0.923,3
0.924,3
0.925,3
0.926,3
0.927,3
0.928,3
0.929,3
0.93,3
0.931,3
0.932,3
0.933,3
0.934,3
0.935,3
0.936,3
0.937,3
0.938,3
0.939,3
0.94,3
0.941,3
0.942,3
0.943,3
0.944,3
0.945,3
0.946,3
0.947,3
0.948,3
0.949,3
0.95,3
0.951,3
0.952,3
0.953,3
0.954,3
0.955,3
0.956,3
0.957,3
0.958,3
0.959,3
0.96,3
0.961,3
0.962,3
0.963,3
0.964,3
0.965,3
0.966,3
0.967,3
0.968,3
0.969,3
0.97,3
0.971,3
0.972,3
0.973,3
0.974,3
0.975,3
0.976,3
0.977,3
0.978,3
0.979,3
0.98,3
0.981,3
0.982,3
0.983,3
0.984,3
0.985,3
0.986,3
0.987,3
0.988,3
0.989,3
0.99,3
0.991,3
0.992,3
0.993,3
0.994,3
0.995,3
0.996,3
0.997,3
0.998,3
0.999,3
1,3
1.001,3
1.002,3
1.003,3
1.004,3
1.005,3
1.006,3
1.007,3
1.008,3
1.009,3
1.01,3
1.011,3
1.012,3
1.013,3
1.014,3
1.015,3
1.016,3
1.017,3
1.018,3
1.019,3
1.02,3
1.021,3
1.022,3
1.023,3
1.024,3
1.025,3
1.026,3
1.027,3
1.028,3
1.029,3
1.03,3
1.031,3
1.032,3
1.033,3
1.034,3
1.035,3
1.036,3
1.037,3
1.038,3
1.039,3
1.04,3
1.041,3
1.042,3
1.043,3
1.044,3
1.045,3
1.046,3
1.047,3
1.048,3
1.049,3
1.05,3
1.051,3
1.052,3
1.053,3
1.054,3
1.055,3
1.056,3
1.057,3
1.058,3
1.059,3
1.06,3
1.061,3
1.062,3
1.063,3
1.064,3
1.065,3
1.066,3
1.067,3
1.068,3
1.069,3
1.07,3
1.071,3
1.072,3
1.073,3
1.074,3
1.075,3
1.076,3
1.077,3
1.078,3
1.079,3
1.08,3
1.081,3
1.082,3
1.083,3
1.084,3
1.085,3
1.086,3
1.087,3
1.088,3
1.089,3
1.09,3
1.091,3
1.092,3
1.093,3
1.094,3
1.095,3
1.096,3
1.097,3
1.098,3
1.099,3
1.1,3
1.101,3
1.102,3
1.103,3
1.104,3
1.105,3
1.106,3
1.107,3
1.108,3
1.109,3
1.11,3
1.111,3
1.112,3
1.113,3
1.114,3
1.115,3
1.116,3
1.117,3
1.118,3
1.119,3
1.12,3
1.121,3
1.122,3
1.123,3
1.124,3
1.125,3
1.126,3
1.127,3
1.128,3
1.129,3
1.13,3
1.131,3
1.132,3
1.133,3
1.134,3
1.135,3
1.136,3
1.137,3
1.138,3
1.139,3
1.14,3
1.141,3
1.142,3
1.143,3
1.144,3
1.145,3
1.146,3
1.147,3
1.148,3
1.149,3
1.15,3
1.151,3
1.152,3
1.153,3
1.154,3
1.155,3
1.156,3
1.157,3
1.158,3
1.159,3
1.16,3
1.161,3
1.162,3
1.163,3
1.164,3
1.165,3
1.166,3
1.167,3
1.168,3
1.169,3
1.17,3
1.171,3
1.172,3
1.173,3
1.174,3
1.175,3
1.176,3
1.177,3
1.178,3
1.179,3
1.18,3
1.181,3
1.182,3
1.183,3
1.184,3
1.185,3
1.186,3
1.187,3
1.188,3
1.189,3
1.19,3
1.191,3
1.192,3
1.193,3
1.194,3
1.195,3
1.196,3
1.197,3
1.198,3
1.199,3
1.2,3
1.201,3
1.202,3
1.203,3
1.204,3
1.205,3
1.206,3
1.207,3
1.208,3
1.209,3
1.21,3
1.211,3
1.212,3
1.213,3
1.214,3
1.215,3
1.216,3
1.217,3
1.218,3
1.219,3
1.22,3
1.221,3
1.222,3
1.223,3
1.224,3
1.225,3
1.226,3
1.227,3
1.228,3
1.229,3
1.23,3
1.231,3
1.232,3
1.233,3
1.234,3
1.235,3
1.236,3
1.237,3
1.238,3
1.239,3
1.24,3
1.241,3
1.242,3
1.243,3
1.244,3
1.245,3
1.246,3
1.247,3
1.248,3
1.249,3
1.25,3
1.251,3
1.252,3
1.253,3
1.254,3
1.255,3
1.256,3
1.257,3
1.258,3
1.259,3
1.26,3
1.261,3
1.262,3
1.263,3
1.264,3
1.265,3
1.266,3
1.267,3
1.268,3
1.269,3
1.27,3
1.271,3
1.272,3
1.273,3
1.274,3
1.275,3
1.276,3
1.277,3
1.278,3
1.279,3
1.28,3
1.281,3
1.282,3
1.283,3
1.284,3
1.285,3
1.286,3
1.287,3
1.288,3
1.289,3
1.29,3
1.291,3
1.292,3
1.293,3
1.294,3
1.295,3
1.296,3
1.297,3
1.298,3
1.299,3
1.3,3
1.301,3
1.302,3
1.303,3
1.304,3
1.305,3
1.306,3
1.307,3
1.308,3
1.309,3
1.31,3
1.311,3
1.312,3
1.313,3
1.314,3
1.315,3
1.316,3
1.317,3
1.318,3
1.319,3
1.32,3
1.321,3
1.322,3
1.323,3
1.324,3
1.325,3
1.326,3
1.327,3
1.328,3
1.329,3
1.33,3
1.331,3
1.332,3
1.333,3
1.334,3
1.335,3
1.336,3
1.337,3
1.338,3
1.339,3
1.34,3
1.341,3
1.342,3
1.343,3
1.344,3
1.345,3
1.346,3
1.347,3
1.348,3
1.349,3
1.35,3
1.351,3
1.352,3
1.353,3
1.354,3
1.355,3
1.356,3
1.357,3
1.358,3
1.359,3
1.36,3
1.361,3
1.362,3
1.363,3
1.364,3
1.365,3
1.366,3
1.367,3
1.368,3
1.369,3
1.37,3
1.371,3
1.372,3
1.373,3
1.374,3
1.375,3
1.376,3
1.377,3
1.378,3
1.379,3
1.38,3
1.381,3
1.382,3
1.383,3
1.384,3
1.385,3
1.386,3
1.387,3
1.388,3
1.389,3
1.39,3
1.391,3
1.392,3
1.393,3
1.394,3
1.395,3
1.396,3
1.397,3
1.398,3
1.399,3
1.4,3
1.401,3
1.402,3
1.403,3
1.404,3
1.405,3
1.406,3
1.407,3
1.408,3
1.409,3
1.41,3
1.411,3
1.412,3
1.413,3
1.414,3
1.415,3
1.416,3
1.417,3
1.418,3
1.419,3
1.42,3
1.421,3
1.422,3
1.423,3
1.424,3
1.425,3
1.426,3
1.427,3
1.428,3
1.429,3
1.43,3
1.431,3
1.432,3
1.433,3
1.434,3
1.435,3
1.436,3
1.437,3
1.438,3
1.439,3
1.44,3
1.441,3
1.442,3
1.443,3
1.444,3
1.445,3
1.446,3
1.447,3
1.448,3
1.449,3
1.45,3
1.451,3
1.452,3
1.453,3
1.454,3
1.455,3
1.456,3
1.457,3
1.458,3
1.459,3
1.46,3
1.461,3
1.462,3
1.463,3
1.464,3
1.465,3
1.466,3
1.467,3
1.468,3
1.469,3
1.47,3
1.471,3
1.472,3
1.473,3
1.474,3
1.475,3
1.476,3
1.477,3
1.478,3
1.479,3
1.48,3
1.481,3
1.482,3
1.483,3
1.484,3
1.485,3
1.486,3
1.487,3
1.488,3
1.489,3
1.49,3
1.491,3
1.492,3
1.493,3
1.494,3
1.495,3
1.496,3
1.497,3
1.498,3
1.499,3
1.5,3
1.501,3
1.502,3
1.503,3
1.504,3
1.505,3
1.506,3
1.507,3
1.508,3
1.509,3
1.51,3
1.511,3
1.512,3
1.513,3
1.514,3
1.515,3
1.516,3
1.517,3
1.518,3
1.519,3
1.52,3
1.521,3
1.522,3
1.523,3
1.524,3
1.525,3
1.526,3
1.527,3
1.528,3
1.529,3
1.53,3
1.531,3
1.532,3
1.533,3
1.534,3
1.535,3
1.536,3
1.537,3
1.538,3
1.539,3
1.54,3
1.541,3
1.542,3
1.543,3
1.544,3
1.545,3
1.546,3
1.547,3
1.548,3
1.549,3
1.55,3
1.551,3
1.552,3
1.553,3
1.554,3
1.555,3
1.556,3
1.557,3
1.558,3
1.559,3
1.56,3
1.561,3
1.562,3
1.563,3
1.564,3
1.565,3
1.566,3
1.567,3
1.568,3
1.569,3
1.57,3
1.571,3
1.572,3
1.573,3
1.574,3
1.575,3
1.576,3
1.577,3
1.578,3
1.579,3
1.58,3
1.581,3
1.582,3
1.583,3
1.584,3
1.585,3
1.586,3
1.587,3
1.588,3
1.589,3
1.59,3
1.591,3
1.592,3
1.593,3
1.594,3
1.595,3
1.596,3
1.597,3
1.598,3
1.599,3
1.6,3
1.601,3
1.602,3
1.603,3
1.604,3
1.605,3
1.606,3
1.607,3
1.608,3
1.609,3
1.61,3
1.611,3
1.612,3
1.613,3
1.614,3
1.615,3
1.616,3
1.617,3
1.618,3
1.619,3
1.62,3
1.621,3
1.622,3
1.623,3
1.624,3
1.625,3
1.626,3
1.627,3
1.628,3
1.629,3
1.63,3
1.631,3
1.632,3
1.633,3
1.634,3
1.635,3
1.636,3
1.637,3
1.638,3
1.639,3
1.64,3
1.641,3
1.642,3
1.643,3
1.644,3
1.645,3
1.646,3
1.647,3
1.648,3
1.649,3
1.65,3
1.651,3
1.652,3
1.653,3
1.654,3
1.655,3
1.656,3
1.657,3
1.658,3
1.659,3
1.66,3
1.661,3
1.662,3
1.663,3
1.664,3
1.665,3
1.666,3
1.667,3
1.668,3
1.669,3
1.67,3
1.671,3
1.672,3
1.673,3
1.674,3
1.675,3
1.676,3
1.677,3
1.678,3
1.679,3
1.68,3
1.681,3
1.682,3
1.683,3
1.684,3
1.685,3
1.686,3
1.687,3
1.688,3
1.689,3
1.69,3
1.691,3
1.692,3
1.693,3
1.694,3
1.695,3
1.696,3
1.697,3
1.698,3
1.699,3
1.7,3
1.701,3
1.702,3
1.703,3
1.704,3
1.705,3
1.706,3
1.707,3
1.708,3
1.709,3
1.71,3
1.711,3
1.712,3
1.713,3
1.714,3
1.715,3
1.716,3
1.717,3
1.718,3
1.719,3
1.72,3
1.721,3
1.722,3
1.723,3
1.724,3
1.725,3
1.726,3
1.727,3
1.728,3
1.729,3
1.73,3
1.731,3
1.732,3
1.733,3
1.734,3
1.735,3
1.736,3
1.737,3
1.738,3
1.739,3
1.74,3
1.741,3
1.742,3
1.743,3
1.744,3
1.745,3
1.746,3
1.747,3
1.748,3
1.749,3
1.75,3
1.751,3
1.752,3
1.753,3
1.754,3
1.755,3
1.756,3
1.757,3
1.758,3
1.759,3
1.76,3
1.761,3
1.762,3
1.763,3
1.764,3
1.765,3
1.766,3
1.767,3
1.768,3
1.769,3
1.77,3
1.771,3
1.772,3
1.773,3
1.774,3
1.775,3
1.776,3
1.777,3
1.778,3
1.779,3
1.78,3
1.781,3
1.782,3
1.783,3
1.784,3
1.785,3
1.786,3
1.787,3
1.788,3
1.789,3
1.79,3
1.791,3
1.792,3
1.793,3
1.794,3
1.795,3
1.796,3
1.797,3
1.798,3
1.799,3
1.8,3
1.801,3
1.802,3
1.803,3
1.804,3
1.805,3
1.806,3
1.807,3
1.808,3
1.809,3
1.81,3
1.811,3
1.812,3
1.813,3
1.814,3
1.815,3
1.816,3
1.817,3
1.818,3
1.819,3
1.82,3
1.821,3
1.822,3
1.823,3
1.824,3
1.825,3
1.826,3
1.827,3
1.828,3
1.829,3
1.83,3
1.831,3
1.832,3
1.833,3
1.834,3
1.835,3
1.836,3
1.837,3
1.838,3
1.839,3
1.84,3
1.841,3
1.842,3
1.843,3
1.844,3
1.845,3
1.846,3
1.847,3
1.848,3
1.849,3
1.85,3
1.851,3
1.852,3
1.853,3
1.854,3
1.855,3
1.856,3
1.857,3
1.858,3
1.859,3
1.86,3
1.861,3
1.862,3
1.863,3
1.864,3
1.865,3
1.866,3
1.867,3
1.868,3
1.869,3
1.87,3
1.871,3
1.872,3
1.873,3
1.874,3
1.875,3
1.876,3
1.877,3
1.878,3
1.879,3
1.88,3
1.881,3
1.882,3
1.883,3
1.884,3
1.885,3
1.886,3
1.887,3
1.888,3
1.889,3
1.89,3
1.891,3
1.892,3
1.893,3
1.894,3
1.895,3
1.896,3
1.897,3
1.898,3
1.899,3
1.9,3
1.901,3
1.902,3
1.903,3
1.904,3
1.905,3
1.906,3
1.907,3
1.908,3
1.909,3
1.91,3
1.911,3
1.912,3
1.913,3
1.914,3
1.915,3
1.916,3
1.917,3
1.918,3
1.919,3
1.92,3
1.921,3
1.922,3
1.923,3
1.924,3
1.925,3
1.926,3
1.927,3
1.928,3
1.929,3
1.93,3
1.931,3
1.932,3
1.933,3
1.934,3
1.935,3
1.936,3
1.937,3
1.938,3
1.939,3
1.94,3
1.941,3
1.942,3
1.943,3
1.944,3
1.945,3
1.946,3
1.947,3
1.948,3
1.949,3
1.95,3
1.951,3
1.952,3
1.953,3
1.954,3
1.955,3
1.956,3
1.957,3
1.958,3
1.959,3
1.96,3
1.961,3
1.962,3
1.963,3
1.964,3
1.965,3
1.966,3
1.967,3
1.968,3
1.969,3
1.97,3
1.971,3
1.972,3
1.973,3
1.974,3
1.975,3
1.976,3
1.977,3
1.978,3
1.979,3
1.98,3
1.981,3
1.982,3
1.983,3
1.984,3
1.985,3
1.986,3
1.987,3
1.988,3
1.989,3
1.99,3
1.991,3
1.992,3
1.993,3
1.994,3
1.995,3
1.996,3
1.997,3
1.998,3
1.999,3
2,3
2.001,3
2.002,3
2.003,3
2.004,3
2.005,3
2.006,3
2.007,3
2.008,3
2.009,3
2.01,3
2.011,3
2.012,3
2.013,3
2.014,3
2.015,3
2.016,3
2.017,3
2.018,3
2.019,3
2.02,3
2.021,3
2.022,3
2.023,3
2.024,3
2.025,3
2.026,3
2.027,3
2.028,3
2.029,3
2.03,3
2.031,3
2.032,3
2.033,3
2.034,3
2.035,3
2.036,3
2.037,3
2.038,3
2.039,3
2.04,3
2.041,3
2.042,3
2.043,3
2.044,3
2.045,3
2.046,3
2.047,3
2.048,3
2.049,3
2.05,3
2.051,3
2.052,3
2.053,3
2.054,3
2.055,3
2.056,3
2.057,3
2.058,3
2.059,3
2.06,3
2.061,3
2.062,3
2.063,3
2.064,3
2.065,3
2.066,3
2.067,3
2.068,3
2.069,3
2.07,3
2.071,3
2.072,3
2.073,3
2.074,3
2.075,3
2.076,3
2.077,3
2.078,3
2.079,3
2.08,3
2.081,3
2.082,3
2.083,3
2.084,3
2.085,3
2.086,3
2.087,3
2.088,3
2.089,3
2.09,3
2.091,3
2.092,3
2.093,3
2.094,3
2.095,3
2.096,3
2.097,3
2.098,3
2.099,3
2.1,3
2.101,3
2.102,3
2.103,3
2.104,3
2.105,3
2.106,3
2.107,3
2.108,3
2.109,3
2.11,3
2.111,3
2.112,3
2.113,3
2.114,3
2.115,3
2.116,3
2.117,3
2.118,3
2.119,3
2.12,3
2.121,3
2.122,3
2.123,3
2.124,3
2.125,3
2.126,3
2.127,3
2.128,3
2.129,3
2.13,3
2.131,3
2.132,3
2.133,3
2.134,3
2.135,3
2.136,3
2.137,3
2.138,3
2.139,3
2.14,3
2.141,3
2.142,3
2.143,3
2.144,3
2.145,3
2.146,3
2.147,3
2.148,3
2.149,3
2.15,3
2.151,3
2.152,3
2.153,3
2.154,3
2.155,3
2.156,3
2.157,3
2.158,3
2.159,3
2.16,3
2.161,3
2.162,3
2.163,3
2.164,3
2.165,3
2.166,3
2.167,3
2.168,3
2.169,3
2.17,3
2.171,3
2.172,3
2.173,3
2.174,3
2.175,3
2.176,3
2.177,3
2.178,3
2.179,3
2.18,3
2.181,3
2.182,3
2.183,3
2.184,3
2.185,3
2.186,3
2.187,3
2.188,3
2.189,3
2.19,3
2.191,3
2.192,3
2.193,3
2.194,3
2.195,3
2.196,3
2.197,3
2.198,3
2.199,3
2.2,3
2.201,3
2.202,3
2.203,3
2.204,3
2.205,3
2.206,3
2.207,3
2.208,3
2.209,3
2.21,3
2.211,3
2.212,3
2.213,3
2.214,3
2.215,3
2.216,3
2.217,3
2.218,3
2.219,3
2.22,3
2.221,3
2.222,3
2.223,3
2.224,3
2.225,3
2.226,3
2.227,3
2.228,3
2.229,3
2.23,3
2.231,3
2.232,3
2.233,3
2.234,3
2.235,3
2.236,3
2.237,3
2.238,3
2.239,3
2.24,3
2.241,3
2.242,3
2.243,3
2.244,3
2.245,3
2.246,3
2.247,3
2.248,3
2.249,3
2.25,3
2.251,3
2.252,3
2.253,3
2.254,3
2.255,3
2.256,3
2.257,3
2.258,3
2.259,3
2.26,3
2.261,3
2.262,3
2.263,3
2.264,3
2.265,3
2.266,3
2.267,3
2.268,3
2.269,3
2.27,3
2.271,3
2.272,3
2.273,3
2.274,3
2.275,3
2.276,3
2.277,3
2.278,3
2.279,3
2.28,3
2.281,3
2.282,3
2.283,3
2.284,3
2.285,3
2.286,3
2.287,3
2.288,3
2.289,3
2.29,3
2.291,3
2.292,3
2.293,3
2.294,3
2.295,3
2.296,3
2.297,3
2.298,3
2.299,3
2.3,3
2.301,3
2.302,3
2.303,3
2.304,3
2.305,3
2.306,3
2.307,3
2.308,3
2.309,3
2.31,3
2.311,3
2.312,3
2.313,3
2.314,3
2.315,3
2.316,3
2.317,3
2.318,3
2.319,3
2.32,3
2.321,3
2.322,3
2.323,3
2.324,3
2.325,3
2.326,3
2.327,3
2.328,3
2.329,3
2.33,3
2.331,3
2.332,3
2.333,3
2.334,3
2.335,3
2.336,3
2.337,3
2.338,3
2.339,3
2.34,3
2.341,3
2.342,3
2.343,3
2.344,3
2.345,3
2.346,3
2.347,3
2.348,3
2.349,3
2.35,3
2.351,3
2.352,3
2.353,3
2.354,3
2.355,3
2.356,3
2.357,3
2.358,3
2.359,3
2.36,3
2.361,3
2.362,3
2.363,3
2.364,3
2.365,3
2.366,3
2.367,3
2.368,3
2.369,3
2.37,3
2.371,3
2.372,3
2.373,3
2.374,3
2.375,3
2.376,3
2.377,3
2.378,3
2.379,3
2.38,3
2.381,3
2.382,3
2.383,3
2.384,3
2.385,3
2.386,3
2.387,3
2.388,3
2.389,3
2.39,3
2.391,3
2.392,3
2.393,3
2.394,3
2.395,3
2.396,3
2.397,3
2.398,3
2.399,3
2.4,3
2.401,3
2.402,3
2.403,3
2.404,3
2.405,3
2.406,3
2.407,3
2.408,3
2.409,3
2.41,3
2.411,3
2.412,3
2.413,3
2.414,3
2.415,3
2.416,3
2.417,3
2.418,3
2.419,3
2.42,3
2.421,3
2.422,3
2.423,3
2.424,3
2.425,3
2.426,3
2.427,3
2.428,3
2.429,3
2.43,3
2.431,3
2.432,3
2.433,3
2.434,3
2.435,3
2.436,3
2.437,3
2.438,3
2.439,3
2.44,3
2.441,3
2.442,3
2.443,3
2.444,3
2.445,3
2.446,3
2.447,3
2.448,3
2.449,3
2.45,3
2.451,3
2.452,3
2.453,3
2.454,3
2.455,3
2.456,3
2.457,3
2.458,3
2.459,3
2.46,3
2.461,3
2.462,3
2.463,3
2.464,3
2.465,3
2.466,3
2.467,3
2.468,3
2.469,3
2.47,3
2.471,3
2.472,3
2.473,3
2.474,3
2.475,3
2.476,3
2.477,3
2.478,3
2.479,3
2.48,3
2.481,3
2.482,3
2.483,3
2.484,3
2.485,3
2.486,3
2.487,3
2.488,3
2.489,3
2.49,3
2.491,3
2.492,3
2.493,3
2.494,3
2.495,3
2.496,3
2.497,3
2.498,3
2.499,3
2.5,3
2.501,3
2.502,3
2.503,3
2.504,3
2.505,3
2.506,3
2.507,3
2.508,3
2.509,3
2.51,3
2.511,3
2.512,3
2.513,3
2.514,3
2.515,3
2.516,3
2.517,3
2.518,3
2.519,3
2.52,3
2.521,3
2.522,3
2.523,3
2.524,3
2.525,3
2.526,3
2.527,3
2.528,3
2.529,3
2.53,3
2.531,3
2.532,3
2.533,3
2.534,3
2.535,3
2.536,3
2.537,3
2.538,3
2.539,3
2.54,3
2.541,3
2.542,3
2.543,3
2.544,3
2.545,3
2.546,3
2.547,3
2.548,3
2.549,3
2.55,3
2.551,3
2.552,3
2.553,3
2.554,3
2.555,3
2.556,3
2.557,3
2.558,3
2.559,3
2.56,3
2.561,3
2.562,3
2.563,3
2.564,3
2.565,3
2.566,3
2.567,3
2.568,3
2.569,3
2.57,3
2.571,3
2.572,3
2.573,3
2.574,3
2.575,3
2.576,3
2.577,3
2.578,3
2.579,3
2.58,3
2.581,3
2.582,3
2.583,3
2.584,3
2.585,3
2.586,3
2.587,3
2.588,3
2.589,3
2.59,3
2.591,3
2.592,3
2.593,3
2.594,3
2.595,3
2.596,3
2.597,3
2.598,3
2.599,3
2.6,3
2.601,3
2.602,3
2.603,3
2.604,3
2.605,3
2.606,3
2.607,3
2.608,3
2.609,3
2.61,3
2.611,3
2.612,3
2.613,3
2.614,3
2.615,3
2.616,3
2.617,3
2.618,3
2.619,3
2.62,3
2.621,3
2.622,3
2.623,3
2.624,3
2.625,3
2.626,3
2.627,3
2.628,3
2.629,3
2.63,3
2.631,3
2.632,3
2.633,3
2.634,3
2.635,3
2.636,3
2.637,3
2.638,3
2.639,3
2.64,3
2.641,3
2.642,3
2.643,3
2.644,3
2.645,3
2.646,3
2.647,3
2.648,3
2.649,3
2.65,3
2.651,3
2.652,3
2.653,3
2.654,3
2.655,3
2.656,3
2.657,3
2.658,3
2.659,3
2.66,3
2.661,3
2.662,3
2.663,3
2.664,3
2.665,3
2.666,3
2.667,3
2.668,3
2.669,3
2.67,3
2.671,3
2.672,3
2.673,3
2.674,3
2.675,3
2.676,3
2.677,3
2.678,3
2.679,3
2.68,3
2.681,3
2.682,3
2.683,3
2.684,3
2.685,3
2.686,3
2.687,3
2.688,3
2.689,3
2.69,3
2.691,3
2.692,3
2.693,3
2.694,3
2.695,3
2.696,3
2.697,3
2.698,3
2.699,3
2.7,3
2.701,3
2.702,3
2.703,3
2.704,3
2.705,3
2.706,3
2.707,3
2.708,3
2.709,3
2.71,3
2.711,3
2.712,3
2.713,3
2.714,3
2.715,3
2.716,3
2.717,3
2.718,3
2.719,3
2.72,3
2.721,3
2.722,3
2.723,3
2.724,3
2.725,3
2.726,3
2.727,3
2.728,3
2.729,3
2.73,3
2.731,3
2.732,3
2.733,3
2.734,3
2.735,3
2.736,3
2.737,3
2.738,3
2.739,3
2.74,3
2.741,3
2.742,3
2.743,3
2.744,3
2.745,3
2.746,3
2.747,3
2.748,3
2.749,3
2.75,3
2.751,3
2.752,3
2.753,3
2.754,3
2.755,3
2.756,3
2.757,3
2.758,3
2.759,3
2.76,3
2.761,3
2.762,3
2.763,3
2.764,3
2.765,3
2.766,3
2.767,3
2.768,3
2.769,3
2.77,3
2.771,3
2.772,3
2.773,3
2.774,3
2.775,3
2.776,3
2.777,3
2.778,3
2.779,3
2.78,3
2.781,3
2.782,3
2.783,3
2.784,3
2.785,3
2.786,3
2.787,3
2.788,3
2.789,3
2.79,3
2.791,3
2.792,3
2.793,3
2.794,3
2.795,3
2.796,3
2.797,3
2.798,3
2.799,3
2.8,3
2.801,3
2.802,3
2.803,3
2.804,3
2.805,3
2.806,3
2.807,3
2.808,3
2.809,3
2.81,3
2.811,3
2.812,3
2.813,3
2.814,3
2.815,3
2.816,3
2.817,3
2.818,3
2.819,3
2.82,3
2.821,3
2.822,3
2.823,3
2.824,3
2.825,3
2.826,3
2.827,3
2.828,3
2.829,3
2.83,3
2.831,3
2.832,3
2.833,3
2.834,3
2.835,3
2.836,3
2.837,3
2.838,3
2.839,3
2.84,3
2.841,3
2.842,3
2.843,3
2.844,3
2.845,3
2.846,3
2.847,3
2.848,3
2.849,3
2.85,3
2.851,3
2.852,3
2.853,3
2.854,3
2.855,3
2.856,3
2.857,3
2.858,3
2.859,3
2.86,3
2.861,3
2.862,3
2.863,3
2.864,3
2.865,3
2.866,3
2.867,3
2.868,3
2.869,3
2.87,3
2.871,3
2.872,3
2.873,3
2.874,3
2.875,3
2.876,3
2.877,3
2.878,3
2.879,3
2.88,3
2.881,3
2.882,3
2.883,3
2.884,3
2.885,3
2.886,3
2.887,3
2.888,3
2.889,3
2.89,3
2.891,3
2.892,3
2.893,3
2.894,3
2.895,3
2.896,3
2.897,3
2.898,3
2.899,3
2.9,3
2.901,3
2.902,3
2.903,3
2.904,3
2.905,3
2.906,3
2.907,3
2.908,3
2.909,3
2.91,3
2.911,3
2.912,3
2.913,3
2.914,3
2.915,3
2.916,3
2.917,3
2.918,3
2.919,3
2.92,3
2.921,3
2.922,3
2.923,3
2.924,3
2.925,3
2.926,3
2.927,3
2.928,3
2.929,3
2.93,3
2.931,3
2.932,3
2.933,3
2.934,3
2.935,3
2.936,3
2.937,3
2.938,3
2.939,3
2.94,3
2.941,3
2.942,3
2.943,3
2.944,3
2.945,3
2.946,3
2.947,3
2.948,3
2.949,3
2.95,3
2.951,3
2.952,3
2.953,3
2.954,3
2.955,3
2.956,3
2.957,3
2.958,3
2.959,3
2.96,3
2.961,3
2.962,3
2.963,3
2.964,3
2.965,3
2.966,3
2.967,3
2.968,3
2.969,3
2.97,3
2.971,3
2.972,3
2.973,3
2.974,3
2.975,3
2.976,3
2.977,3
2.978,3
2.979,3
2.98,3
2.981,3
2.982,3
2.983,3
2.984,3
2.985,3
2.986,3
2.987,3
2.988,3
2.989,3
2.99,3
2.991,3
2.992,3
2.993,3
2.994,3
2.995,3
2.996,3
2.997,3
2.998,3
2.999,3
3,3
3.001,3
3.002,3
3.003,3
3.004,3
3.005,3
3.006,3
3.007,3
3.008,3
3.009,3
3.01,3
3.011,3
3.012,3
3.013,3
3.014,3
3.015,3
3.016,3
3.017,3
3.018,3
3.019,3
3.02,3
3.021,3
3.022,3
3.023,3
3.024,3
3.025,3
3.026,3
3.027,3
3.028,3
3.029,3
3.03,3
3.031,3
3.032,3
3.033,3
3.034,3
3.035,3
3.036,3
3.037,3
3.038,3
3.039,3
3.04,3
3.041,3
3.042,3
3.043,3
3.044,3
3.045,3
3.046,3
3.047,3
3.048,3
3.049,3
3.05,3
3.051,3
3.052,3
3.053,3
3.054,3
3.055,3
3.056,3
3.057,3
3.058,3
3.059,3
3.06,3
3.061,3
3.062,3
3.063,3
3.064,3
3.065,3
3.066,3
3.067,3
3.068,3
3.069,3
3.07,3
3.071,3
3.072,3
3.073,3
3.074,3
3.075,3
3.076,3
3.077,3
3.078,3
3.079,3
3.08,3
3.081,3
3.082,3
3.083,3
3.084,3
3.085,3
3.086,3
3.087,3
3.088,3
3.089,3
3.09,3
3.091,3
3.092,3
3.093,3
3.094,3
3.095,3
3.096,3
3.097,3
3.098,3
3.099,3
3.1,3
3.101,3
3.102,3
3.103,3
3.104,3
3.105,3
3.106,3
3.107,3
3.108,3
3.109,3
3.11,3
3.111,3
3.112,3
3.113,3
3.114,3
3.115,3
3.116,3
3.117,3
3.118,3
3.119,3
3.12,3
3.121,3
3.122,3
3.123,3
3.124,3
3.125,3
3.126,3
3.127,3
3.128,3
3.129,3
3.13,3
3.131,3
3.132,3
3.133,3
3.134,3
3.135,3
3.136,3
3.137,3
3.138,3
3.139,3
3.14,3
3.141,3
3.142,3
3.143,3
3.144,3
3.145,3
3.146,3
3.147,3
3.148,3
3.149,3
3.15,3
3.151,3
3.152,3
3.153,3
3.154,3
3.155,3
3.156,3
3.157,3
3.158,3
3.159,3
3.16,3
3.161,3
3.162,3
3.163,3
3.164,3
3.165,3
3.166,3
3.167,3
3.168,3
3.169,3
3.17,3
3.171,3
3.172,3
3.173,3
3.174,3
3.175,3
3.176,3
3.177,3
3.178,3
3.179,3
3.18,3
3.181,3
3.182,3
3.183,3
3.184,3
3.185,3
3.186,3
3.187,3
3.188,3
3.189,3
3.19,3
3.191,3
3.192,3
3.193,3
3.194,3
3.195,3
3.196,3
3.197,3
3.198,3
3.199,3
3.2,3
3.201,3
3.202,3
3.203,3
3.204,3
3.205,3
3.206,3
3.207,3
3.208,3
3.209,3
3.21,3
3.211,3
3.212,3
3.213,3
3.214,3
3.215,3
3.216,3
3.217,3
3.218,3
3.219,3
3.22,3
3.221,3
3.222,3
3.223,3
3.224,3
3.225,3
3.226,3
3.227,3
3.228,3
3.229,3
3.23,3
3.231,3
3.232,3
3.233,3
3.234,3
3.235,3
3.236,3
3.237,3
3.238,3
3.239,3
3.24,3
3.241,3
3.242,3
3.243,3
3.244,3
3.245,3
3.246,3
3.247,3
3.248,3
3.249,3
3.25,3
3.251,3
3.252,3
3.253,3
3.254,3
3.255,3
3.256,3
3.257,3
3.258,3
3.259,3
3.26,3
3.261,3
3.262,3
3.263,3
3.264,3
3.265,3
3.266,3
3.267,3
3.268,3
3.269,3
3.27,3
3.271,3
3.272,3
3.273,3
3.274,3
3.275,3
3.276,3
3.277,3
3.278,3
3.279,3
3.28,3
3.281,3
3.282,3
3.283,3
3.284,3
3.285,3
3.286,3
3.287,3
3.288,3
3.289,3
3.29,3
3.291,3
3.292,3
3.293,3
3.294,3
3.295,3
3.296,3
3.297,3
3.298,3
3.299,3
3.3,3
3.301,3
3.302,3
3.303,3
3.304,3
3.305,3
3.306,3
3.307,3
3.308,3
3.309,3
3.31,3
3.311,3
3.312,3
3.313,3
3.314,3
3.315,3
3.316,3
3.317,3
3.318,3
3.319,3
3.32,3
3.321,3
3.322,3
3.323,3
3.324,3
3.325,3
3.326,3
3.327,3
3.328,3
3.329,3
3.33,3
3.331,3
3.332,3
3.333,3
3.334,3
3.335,3
3.336,3
3.337,3
3.338,3
3.339,3
3.34,3
3.341,3
3.342,3
3.343,3
3.344,3
3.345,3
3.346,3
3.347,3
3.348,3
3.349,3
3.35,3
3.351,3
3.352,3
3.353,3
3.354,3
3.355,3
3.356,3
3.357,3
3.358,3
3.359,3
3.36,3
3.361,3
3.362,3
3.363,3
3.364,3
3.365,3
3.366,3
3.367,3
3.368,3
3.369,3
3.37,3
3.371,3
3.372,3
3.373,3
3.374,3
3.375,3
3.376,3
3.377,3
3.378,3
3.379,3
3.38,3
3.381,3
3.382,3
3.383,3
3.384,3
3.385,3
3.386,3
3.387,3
3.388,3
3.389,3
3.39,3
3.391,3
3.392,3
3.393,3
3.394,3
3.395,3
3.396,3
3.397,3
3.398,3
3.399,3
3.4,3
3.401,3
3.402,3
3.403,3
3.404,3
3.405,3
3.406,3
3.407,3
3.408,3
3.409,3
3.41,3
3.411,3
3.412,3
3.413,3
3.414,3
3.415,3
3.416,3
3.417,3
3.418,3
3.419,3
3.42,3
3.421,3
3.422,3
3.423,3
3.424,3
3.425,3
3.426,3
3.427,3
3.428,3
3.429,3
3.43,3
3.431,3
3.432,3
3.433,3
3.434,3
3.435,3
3.436,3
3.437,3
3.438,3
3.439,3
3.44,3
3.441,3
3.442,3
3.443,3
3.444,3
3.445,3
3.446,3
3.447,3
3.448,3
3.449,3
3.45,3
3.451,3
3.452,3
3.453,3
3.454,3
3.455,3
3.456,3
3.457,3
3.458,3
3.459,3
3.46,3
3.461,3
3.462,3
3.463,3
3.464,3
3.465,3
3.466,3
3.467,3
3.468,3
3.469,3
3.47,3
3.471,3
3.472,3
3.473,3
3.474,3
3.475,3
3.476,3
3.477,3
3.478,3
3.479,3
3.48,3
3.481,3
3.482,3
3.483,3
3.484,3
3.485,3
3.486,3
3.487,3
3.488,3
3.489,3
3.49,3
3.491,3
3.492,3
3.493,3
3.494,3
3.495,3
3.496,3
3.497,3
3.498,3
3.499,3
3.5,3
3.501,3
3.502,3
3.503,3
3.504,3
3.505,3
3.506,3
3.507,3
3.508,3
3.509,3
3.51,3
3.511,3
3.512,3
3.513,3
3.514,3
3.515,3
3.516,3
3.517,3
3.518,3
3.519,3
3.52,3
3.521,3
3.522,3
3.523,3
3.524,3
3.525,3
3.526,3
3.527,3
3.528,3
3.529,3
3.53,3
3.531,3
3.532,3
3.533,3
3.534,3
3.535,3
3.536,3
3.537,3
3.538,3
3.539,3
3.54,3
3.541,3
3.542,3
3.543,3
3.544,3
3.545,3
3.546,3
3.547,3
3.548,3
3.549,3
3.55,3
3.551,3
3.552,3
3.553,3
3.554,3
3.555,3
3.556,3
3.557,3
3.558,3
3.559,3
3.56,3
3.561,3
3.562,3
3.563,3
3.564,3
3.565,3
3.566,3
3.567,3
3.568,3
3.569,3
3.57,3
3.571,3
3.572,3
3.573,3
3.574,3
3.575,3
3.576,3
3.577,3
3.578,3
3.579,3
3.58,3
3.581,3
3.582,3
3.583,3
3.584,3
3.585,3
3.586,3
3.587,3
3.588,3
3.589,3
3.59,3
3.591,3
3.592,3
3.593,3
3.594,3
3.595,3
3.596,3
3.597,3
3.598,3
3.599,3
3.6,3
3.601,3
3.602,3
3.603,3
3.604,3
3.605,3
3.606,3
3.607,3
3.608,3
3.609,3
3.61,3
3.611,3
3.612,3
3.613,3
3.614,3
3.615,3
3.616,3
3.617,3
3.618,3
3.619,3
3.62,3
3.621,3
3.622,3
3.623,3
3.624,3
3.625,3
3.626,3
3.627,3
3.628,3
3.629,3
3.63,3
3.631,3
3.632,3
3.633,3
3.634,3
3.635,3
3.636,3
3.637,3
3.638,3
3.639,3
3.64,3
3.641,3
3.642,3
3.643,3
3.644,3
3.645,3
3.646,3
3.647,3
3.648,3
3.649,3
3.65,3
3.651,3
3.652,3
3.653,3
3.654,3
3.655,3
3.656,3
3.657,3
3.658,3
3.659,3
3.66,3
3.661,3
3.662,3
3.663,3
3.664,3
3.665,3
3.666,3
3.667,3
3.668,3
3.669,3
3.67,3
3.671,3
3.672,3
3.673,3
3.674,3
3.675,3
3.676,3
3.677,3
3.678,3
3.679,3
3.68,3
3.681,3
3.682,3
3.683,3
3.684,3
3.685,3
3.686,3
3.687,3
3.688,3
3.689,3
3.69,3
3.691,3
3.692,3
3.693,3
3.694,3
3.695,3
3.696,3
3.697,3
3.698,3
3.699,3
3.7,3
3.701,3
3.702,3
3.703,3
3.704,3
3.705,3
3.706,3
3.707,3
3.708,3
3.709,3
3.71,3
3.711,3
3.712,3
3.713,3
3.714,3
3.715,3
3.716,3
3.717,3
3.718,3
3.719,3
3.72,3
3.721,3
3.722,3
3.723,3
3.724,3
3.725,3
3.726,3
3.727,3
3.728,3
3.729,3
3.73,3
3.731,3
3.732,3
3.733,3
3.734,3
3.735,3
3.736,3
3.737,3
3.738,3
3.739,3
3.74,3
3.741,3
3.742,3
3.743,3
3.744,3
3.745,3
3.746,3
3.747,3
3.748,3
3.749,3
3.75,3
3.751,3
3.752,3
3.753,3
3.754,3
3.755,3
3.756,3
3.757,3
3.758,3
3.759,3
3.76,3
3.761,3
3.762,3
3.763,3
3.764,3
3.765,3
3.766,3
3.767,3
3.768,3
3.769,3
3.77,3
3.771,3
3.772,3
3.773,3
3.774,3
3.775,3
3.776,3
3.777,3
3.778,3
3.779,3
3.78,3
3.781,3
3.782,3
3.783,3
3.784,3
3.785,3
3.786,3
3.787,3
3.788,3
3.789,3
3.79,3
3.791,3
3.792,3
3.793,3
3.794,3
3.795,3
3.796,3
3.797,3
3.798,3
3.799,3
3.8,3
3.801,3
3.802,3
3.803,3
3.804,3
3.805,3
3.806,3
3.807,3
3.808,3
3.809,3
3.81,3
3.811,3
3.812,3
3.813,3
3.814,3
3.815,3
3.816,3
3.817,3
3.818,3
3.819,3
3.82,3
3.821,3
3.822,3
3.823,3
3.824,3
3.825,3
3.826,3
3.827,3
3.828,3
3.829,3
3.83,3
3.831,3
3.832,3
3.833,3
3.834,3
3.835,3
3.836,3
3.837,3
3.838,3
3.839,3
3.84,3
3.841,3
3.842,3
3.843,3
3.844,3
3.845,3
3.846,3
3.847,3
3.848,3
3.849,3
3.85,3
3.851,3
3.852,3
3.853,3
3.854,3
3.855,3
3.856,3
3.857,3
3.858,3
3.859,3
3.86,3
3.861,3
3.862,3
3.863,3
3.864,3
3.865,3
3.866,3
3.867,3
3.868,3
3.869,3
3.87,3
3.871,3
3.872,3
3.873,3
3.874,3
3.875,3
3.876,3
3.877,3
3.878,3
3.879,3
3.88,3
3.881,3
3.882,3
3.883,3
3.884,3
3.885,3
3.886,3
3.887,3
3.888,3
3.889,3
3.89,3
3.891,3
3.892,3
3.893,3
3.894,3
3.895,3
3.896,3
3.897,3
3.898,3
3.899,3
3.9,3
3.901,3
3.902,3
3.903,3
3.904,3
3.905,3
3.906,3
3.907,3
3.908,3
3.909,3
3.91,3
3.911,3
3.912,3
3.913,3
3.914,3
3.915,3
3.916,3
3.917,3
3.918,3
3.919,3
3.92,3
3.921,3
3.922,3
3.923,3
3.924,3
3.925,3
3.926,3
3.927,3
3.928,3
3.929,3
3.93,3
3.931,3
3.932,3
3.933,3
3.934,3
3.935,3
3.936,3
3.937,3
3.938,3
3.939,3
3.94,3
3.941,3
3.942,3
3.943,3
3.944,3
3.945,3
3.946,3
3.947,3
3.948,3
3.949,3
3.95,3
3.951,3
3.952,3
3.953,3
3.954,3
3.955,3
3.956,3
3.957,3
3.958,3
3.959,3
3.96,3
3.961,3
3.962,3
3.963,3
3.964,3
3.965,3
3.966,3
3.967,3
3.968,3
3.969,3
3.97,3
3.971,3
3.972,3
3.973,3
3.974,3
3.975,3
3.976,3
3.977,3
3.978,3
3.979,3
3.98,3
3.981,3
3.982,3
3.983,3
3.984,3
3.985,3
3.986,3
3.987,3
3.988,3
3.989,3
3.99,3
3.991,3
3.992,3
3.993,3
3.994,3
3.995,3
3.996,3
3.997,3
3.998,3
3.999,3
4,3
4.001,3
4.002,3
4.003,3
4.004,3
4.005,3
4.006,3
4.007,3
4.008,3
4.009,3
4.01,3
4.011,3
4.012,3
4.013,3
4.014,3
4.015,3
4.016,3
4.017,3
4.018,3
4.019,3
4.02,3
4.021,3
4.022,3
4.023,3
4.024,3
4.025,3
4.026,3
4.027,3
4.028,3
4.029,3
4.03,3
4.031,3
4.032,3
4.033,3
4.034,3
4.035,3
4.036,3
4.037,3
4.038,3
4.039,3
4.04,3
4.041,3
4.042,3
4.043,3
4.044,3
4.045,3
4.046,3
4.047,3
4.048,3
4.049,3
4.05,3
4.051,3
4.052,3
4.053,3
4.054,3
4.055,3
4.056,3
4.057,3
4.058,3
4.059,3
4.06,3
4.061,3
4.062,3
4.063,3
4.064,3
4.065,3
4.066,3
4.067,3
4.068,3
4.069,3
4.07,3
4.071,3
4.072,3
4.073,3
4.074,3
4.075,3
4.076,3
4.077,3
4.078,3
4.079,3
4.08,3
4.081,3
4.082,3
4.083,3
4.084,3
4.085,3
4.086,3
4.087,3
4.088,3
4.089,3
4.09,3
4.091,3
4.092,3
4.093,3
4.094,3
4.095,3
4.096,3
4.097,3
4.098,3
4.099,3
4.1,3
4.101,3
4.102,3
4.103,3
4.104,3
4.105,3
4.106,3
4.107,3
4.108,3
4.109,3
4.11,3
4.111,3
4.112,3
4.113,3
4.114,3
4.115,3
4.116,3
4.117,3
4.118,3
4.119,3
4.12,3
4.121,3
4.122,3
4.123,3
4.124,3
4.125,3
4.126,3
4.127,3
4.128,3
4.129,3
4.13,3
4.131,3
4.132,3
4.133,3
4.134,3
4.135,3
4.136,3
4.137,3
4.138,3
4.139,3
4.14,3
4.141,3
4.142,3
4.143,3
4.144,3
4.145,3
4.146,3
4.147,3
4.148,3
4.149,3
4.15,3
4.151,3
4.152,3
4.153,3
4.154,3
4.155,3
4.156,3
4.157,3
4.158,3
4.159,3
4.16,3
4.161,3
4.162,3
4.163,3
4.164,3
4.165,3
4.166,3
4.167,3
4.168,3
4.169,3
4.17,3
4.171,3
4.172,3
4.173,3
4.174,3
4.175,3
4.176,3
4.177,3
4.178,3
4.179,3
4.18,3
4.181,3
4.182,3
4.183,3
4.184,3
4.185,3
4.186,3
4.187,3
4.188,3
4.189,3
4.19,3
4.191,3
4.192,3
4.193,3
4.194,3
4.195,3
4.196,3
4.197,3
4.198,3
4.199,3
4.2,3
4.201,3
4.202,3
4.203,3
4.204,3
4.205,3
4.206,3
4.207,3
4.208,3
4.209,3
4.21,3
4.211,3
4.212,3
4.213,3
4.214,3
4.215,3
4.216,3
4.217,3
4.218,3
4.219,3
4.22,3
4.221,3
4.222,3
4.223,3
4.224,3
4.225,3
4.226,3
4.227,3
4.228,3
4.229,3
4.23,3
4.231,3
4.232,3
4.233,3
4.234,3
4.235,3
4.236,3
4.237,3
4.238,3
4.239,3
4.24,3
4.241,3
4.242,3
4.243,3
4.244,3
4.245,3
4.246,3
4.247,3
4.248,3
4.249,3
4.25,3
4.251,3
4.252,3
4.253,3
4.254,3
4.255,3
4.256,3
4.257,3
4.258,3
4.259,3
4.26,3
4.261,3
4.262,3
4.263,3
4.264,3
4.265,3
4.266,3
4.267,3
4.268,3
4.269,3
4.27,3
4.271,3
4.272,3
4.273,3
4.274,3
4.275,3
4.276,3
4.277,3
4.278,3
4.279,3
4.28,3
4.281,3
4.282,3
4.283,3
4.284,3
4.285,3
4.286,3
4.287,3
4.288,3
4.289,3
4.29,3
4.291,3
4.292,3
4.293,3
4.294,3
4.295,3
4.296,3
4.297,3
4.298,3
4.299,3
4.3,3
4.301,3
4.302,3
4.303,3
4.304,3
4.305,3
4.306,3
4.307,3
4.308,3
4.309,3
4.31,3
4.311,3
4.312,3
4.313,3
4.314,3
4.315,3
4.316,3
4.317,3
4.318,3
4.319,3
4.32,3
4.321,3
4.322,3
4.323,3
4.324,3
4.325,3
4.326,3
4.327,3
4.328,3
4.329,3
4.33,3
4.331,3
4.332,3
4.333,3
4.334,3
4.335,3
4.336,3
4.337,3
4.338,3
4.339,3
4.34,3
4.341,3
4.342,3
4.343,3
4.344,3
4.345,3
4.346,3
4.347,3
4.348,3
4.349,3
4.35,3
4.351,3
4.352,3
4.353,3
4.354,3
4.355,3
4.356,3
4.357,3
4.358,3
4.359,3
4.36,3
4.361,3
4.362,3
4.363,3
4.364,3
4.365,3
4.366,3
4.367,3
4.368,3
4.369,3
4.37,3
4.371,3
4.372,3
4.373,3
4.374,3
4.375,3
4.376,3
4.377,3
4.378,3
4.379,3
4.38,3
4.381,3
4.382,3
4.383,3
4.384,3
4.385,3
4.386,3
4.387,3
4.388,3
4.389,3
4.39,3
4.391,3
4.392,3
4.393,3
4.394,3
4.395,3
4.396,3
4.397,3
4.398,3
4.399,3
4.4,3
4.401,3
4.402,3
4.403,3
4.404,3
4.405,3
4.406,3
4.407,3
4.408,3
4.409,3
4.41,3
4.411,3
4.412,3
4.413,3
4.414,3
4.415,3
4.416,3
4.417,3
4.418,3
4.419,3
4.42,3
4.421,3
4.422,3
4.423,3
4.424,3
4.425,3
4.426,3
4.427,3
4.428,3
4.429,3
4.43,3
4.431,3
4.432,3
4.433,3
4.434,3
4.435,3
4.436,3
4.437,3
4.438,3
4.439,3
4.44,3
4.441,3
4.442,3
4.443,3
4.444,3
4.445,3
4.446,3
4.447,3
4.448,3
4.449,3
4.45,3
4.451,3
4.452,3
4.453,3
4.454,3
4.455,3
4.456,3
4.457,3
4.458,3
4.459,3
4.46,3
4.461,3
4.462,3
4.463,3
4.464,3
4.465,3
4.466,3
4.467,3
4.468,3
4.469,3
4.47,3
4.471,3
4.472,3
4.473,3
4.474,3
4.475,3
4.476,3
4.477,3
4.478,3
4.479,3
4.48,3
4.481,3
4.482,3
4.483,3
4.484,3
4.485,3
4.486,3
4.487,3
4.488,3
4.489,3
4.49,3
4.491,3
4.492,3
4.493,3
4.494,3
4.495,3
4.496,3
4.497,3
4.498,3
4.499,3
4.5,3
4.501,3
4.502,3
4.503,3
4.504,3
4.505,3
4.506,3
4.507,3
4.508,3
4.509,3
4.51,3
4.511,3
4.512,3
4.513,3
4.514,3
4.515,3
4.516,3
4.517,3
4.518,3
4.519,3
4.52,3
4.521,3
4.522,3
4.523,3
4.524,3
4.525,3
4.526,3
4.527,3
4.528,3
4.529,3
4.53,3
4.531,3
4.532,3
4.533,3
4.534,3
4.535,3
4.536,3
4.537,3
4.538,3
4.539,3
4.54,3
4.541,3
4.542,3
4.543,3
4.544,3
4.545,3
4.546,3
4.547,3
4.548,3
4.549,3
4.55,3
4.551,3
4.552,3
4.553,3
4.554,3
4.555,3
4.556,3
4.557,3
4.558,3
4.559,3
4.56,3
4.561,3
4.562,3
4.563,3
4.564,3
4.565,3
4.566,3
4.567,3
4.568,3
4.569,3
4.57,3
4.571,3
4.572,3
4.573,3
4.574,3
4.575,3
4.576,3
4.577,3
4.578,3
4.579,3
4.58,3
4.581,3
4.582,3
4.583,3
4.584,3
4.585,3
4.586,3
4.587,3
4.588,3
4.589,3
4.59,3
4.591,3
4.592,3
4.593,3
4.594,3
4.595,3
4.596,3
4.597,3
4.598,3
4.599,3
4.6,3
4.601,3
4.602,3
4.603,3
4.604,3
4.605,3
4.606,3
4.607,3
4.608,3
4.609,3
4.61,3
4.611,3
4.612,3
4.613,3
4.614,3
4.615,3
4.616,3
4.617,3
4.618,3
4.619,3
4.62,3
4.621,3
4.622,3
4.623,3
4.624,3
4.625,3
4.626,3
4.627,3
4.628,3
4.629,3
4.63,3
4.631,3
4.632,3
4.633,3
4.634,3
4.635,3
4.636,3
4.637,3
4.638,3
4.639,3
4.64,3
4.641,3
4.642,3
4.643,3
4.644,3
4.645,3
4.646,3
4.647,3
4.648,3
4.649,3
4.65,3
4.651,3
4.652,3
4.653,3
4.654,3
4.655,3
4.656,3
4.657,3
4.658,3
4.659,3
4.66,3
4.661,3
4.662,3
4.663,3
4.664,3
4.665,3
4.666,3
4.667,3
4.668,3
4.669,3
4.67,3
4.671,3
4.672,3
4.673,3
4.674,3
4.675,3
4.676,3
4.677,3
4.678,3
4.679,3
4.68,3
4.681,3
4.682,3
4.683,3
4.684,3
4.685,3
4.686,3
4.687,3
4.688,3
4.689,3
4.69,3
4.691,3
4.692,3
4.693,3
4.694,3
4.695,3
4.696,3
4.697,3
4.698,3
4.699,3
4.7,3
4.701,3
4.702,3
4.703,3
4.704,3
4.705,3
4.706,3
4.707,3
4.708,3
4.709,3
4.71,3
4.711,3
4.712,3
4.713,3
4.714,3
4.715,3
4.716,3
4.717,3
4.718,3
4.719,3
4.72,3
4.721,3
4.722,3
4.723,3
4.724,3
4.725,3
4.726,3
4.727,3
4.728,3
4.729,3
4.73,3
4.731,3
4.732,3
4.733,3
4.734,3
4.735,3
4.736,3
4.737,3
4.738,3
4.739,3
4.74,3
4.741,3
4.742,3
4.743,3
4.744,3
4.745,3
4.746,3
4.747,3
4.748,3
4.749,3
4.75,3
4.751,3
4.752,3
4.753,3
4.754,3
4.755,3
4.756,3
4.757,3
4.758,3
4.759,3
4.76,3
4.761,3
4.762,3
4.763,3
4.764,3
4.765,3
4.766,3
4.767,3
4.768,3
4.769,3
4.77,3
4.771,3
4.772,3
4.773,3
4.774,3
4.775,3
4.776,3
4.777,3
4.778,3
4.779,3
4.78,3
4.781,3
4.782,3
4.783,3
4.784,3
4.785,3
4.786,3
4.787,3
4.788,3
4.789,3
4.79,3
4.791,3
4.792,3
4.793,3
4.794,3
4.795,3
4.796,3
4.797,3
4.798,3
4.799,3
4.8,3
4.801,3
4.802,3
4.803,3
4.804,3
4.805,3
4.806,3
4.807,3
4.808,3
4.809,3
4.81,3
4.811,3
4.812,3
4.813,3
4.814,3
4.815,3
4.816,3
4.817,3
4.818,3
4.819,3
4.82,3
4.821,3
4.822,3
4.823,3
4.824,3
4.825,3
4.826,3
4.827,3
4.828,3
4.829,3
4.83,3
4.831,3
4.832,3
4.833,3
4.834,3
4.835,3
4.836,3
4.837,3
4.838,3
4.839,3
4.84,3
4.841,3
4.842,3
4.843,3
4.844,3
4.845,3
4.846,3
4.847,3
4.848,3
4.849,3
4.85,3
4.851,3
4.852,3
4.853,3
4.854,3
4.855,3
4.856,3
4.857,3
4.858,3
4.859,3
4.86,3
4.861,3
4.862,3
4.863,3
4.864,3
4.865,3
4.866,3
4.867,3
4.868,3
4.869,3
4.87,3
4.871,3
4.872,3
4.873,3
4.874,3
4.875,3
4.876,3
4.877,3
4.878,3
4.879,3
4.88,3
4.881,3
4.882,3
4.883,3
4.884,3
4.885,3
4.886,3
4.887,3
4.888,3
4.889,3
4.89,3
4.891,3
4.892,3
4.893,3
4.894,3
4.895,3
4.896,3
4.897,3
4.898,3
4.899,3
4.9,3
4.901,3
4.902,3
4.903,3
4.904,3
4.905,3
4.906,3
4.907,3
4.908,3
4.909,3
4.91,3
4.911,3
4.912,3
4.913,3
4.914,3
4.915,3
4.916,3
4.917,3
4.918,3
4.919,3
4.92,3
4.921,3
4.922,3
4.923,3
4.924,3
4.925,3
4.926,3
4.927,3
4.928,3
4.929,3
4.93,3
4.931,3
4.932,3
4.933,3
4.934,3
4.935,3
4.936,3
4.937,3
4.938,3
4.939,3
4.94,3
4.941,3
4.942,3
4.943,3
4.944,3
4.945,3
4.946,3
4.947,3
4.948,3
4.949,3
4.95,3
4.951,3
4.952,3
4.953,3
4.954,3
4.955,3
4.956,3
4.957,3
4.958,3
4.959,3
4.96,3
4.961,3
4.962,3
4.963,3
4.964,3
4.965,3
4.966,3
4.967,3
4.968,3
4.969,3
4.97,3
4.971,3
4.972,3
4.973,3
4.974,3
4.975,3
4.976,3
4.977,3
4.978,3
4.979,3
4.98,3
4.981,3
4.982,3
4.983,3
4.984,3
4.985,3
4.986,3
4.987,3
4.988,3
4.989,3
4.99,3
4.991,3
4.992,3
4.993,3
4.994,3
4.995,3
4.996,3
4.997,3
4.998,3
4.999,3
5,3
5.001,3
5.002,3
5.003,3
5.004,3
5.005,3
5.006,3
5.007,3
5.008,3
5.009,3
5.01,3
5.011,3
5.012,3
5.013,3
5.014,3
5.015,3
5.016,3
5.017,3
5.018,3
5.019,3
5.02,3
5.021,3
5.022,3
5.023,3
5.024,3
5.025,3
5.026,3
5.027,3
5.028,3
5.029,3
5.03,3
5.031,3
5.032,3
5.033,3
5.034,3
5.035,3
5.036,3
5.037,3
5.038,3
5.039,3
5.04,3
5.041,3
5.042,3
5.043,3
5.044,3
5.045,3
5.046,3
5.047,3
5.048,3
5.049,3
5.05,3
5.051,3
5.052,3
5.053,3
5.054,3
5.055,3
5.056,3
5.057,3
5.058,3
5.059,3
5.06,3
5.061,3
5.062,3
5.063,3
5.064,3
5.065,3
5.066,3
5.067,3
5.068,3
5.069,3
5.07,3
5.071,3
5.072,3
5.073,3
5.074,3
5.075,3
5.076,3
5.077,3
5.078,3
5.079,3
5.08,3
5.081,3
5.082,3
5.083,3
5.084,3
5.085,3
5.086,3
5.087,3
5.088,3
5.089,3
5.09,3
5.091,3
5.092,3
5.093,3
5.094,3
5.095,3
5.096,3
5.097,3
5.098,3
5.099,3
5.1,3
5.101,3
5.102,3
5.103,3
5.104,3
5.105,3
5.106,3
5.107,3
5.108,3
5.109,3
5.11,3
5.111,3
5.112,3
5.113,3
5.114,3
5.115,3
5.116,3
5.117,3
5.118,3
5.119,3
5.12,3
5.121,3
5.122,3
5.123,3
5.124,3
5.125,3
5.126,3
5.127,3
5.128,3
5.129,3
5.13,3
5.131,3
5.132,3
5.133,3
5.134,3
5.135,3
5.136,3
5.137,3
5.138,3
5.139,3
5.14,3
5.141,3
5.142,3
5.143,3
5.144,3
5.145,3
5.146,3
5.147,3
5.148,3
5.149,3
5.15,3
5.151,3
5.152,3
5.153,3
5.154,3
5.155,3
5.156,3
5.157,3
5.158,3
5.159,3
5.16,3
5.161,3
5.162,3
5.163,3
5.164,3
5.165,3
5.166,3
5.167,3
5.168,3
5.169,3
5.17,3
5.171,3
5.172,3
5.173,3
5.174,3
5.175,3
5.176,3
5.177,3
5.178,3
5.179,3
5.18,3
5.181,3
5.182,3
5.183,3
5.184,3
5.185,3
5.186,3
5.187,3
5.188,3
5.189,3
5.19,3
5.191,3
5.192,3
5.193,3
5.194,3
5.195,3
5.196,3
5.197,3
5.198,3
5.199,3
5.2,3
5.201,3
5.202,3
5.203,3
5.204,3
5.205,3
5.206,3
5.207,3
5.208,3
5.209,3
5.21,3
5.211,3
5.212,3
5.213,3
5.214,3
5.215,3
5.216,3
5.217,3
5.218,3
5.219,3
5.22,3
5.221,3
5.222,3
5.223,3
5.224,3
5.225,3
5.226,3
5.227,3
5.228,3
5.229,3
5.23,3
5.231,3
5.232,3
5.233,3
5.234,3
5.235,3
5.236,3
5.237,3
5.238,3
5.239,3
5.24,3
5.241,3
5.242,3
5.243,3
5.244,3
5.245,3
5.246,3
5.247,3
5.248,3
5.249,3
5.25,3
5.251,3
5.252,3
5.253,3
5.254,3
5.255,3
5.256,3
5.257,3
5.258,3
5.259,3
5.26,3
5.261,3
5.262,3
5.263,3
5.264,3
5.265,3
5.266,3
5.267,3
5.268,3
5.269,3
5.27,3
5.271,3
5.272,3
5.273,3
5.274,3
5.275,3
5.276,3
5.277,3
5.278,3
5.279,3
5.28,3
5.281,3
5.282,3
5.283,3
5.284,3
5.285,3
5.286,3
5.287,3
5.288,3
5.289,3
5.29,3
5.291,3
5.292,3
5.293,3
5.294,3
5.295,3
5.296,3
5.297,3
5.298,3
5.299,3
5.3,3
5.301,3
5.302,3
5.303,3
5.304,3
5.305,3
5.306,3
5.307,3
5.308,3
5.309,3
5.31,3
5.311,3
5.312,3
5.313,3
5.314,3
5.315,3
5.316,3
5.317,3
5.318,3
5.319,3
5.32,3
5.321,3
5.322,3
5.323,3
5.324,3
5.325,3
5.326,3
5.327,3
5.328,3
5.329,3
5.33,3
5.331,3
5.332,3
5.333,3
5.334,3
5.335,3
5.336,3
5.337,3
5.338,3
5.339,3
5.34,3
5.341,3
5.342,3
5.343,3
5.344,3
5.345,3
5.346,3
5.347,3
5.348,3
5.349,3
5.35,3
5.351,3
5.352,3
5.353,3
5.354,3
5.355,3
5.356,3
5.357,3
5.358,3
5.359,3
5.36,3
5.361,3
5.362,3
5.363,3
5.364,3
5.365,3
5.366,3
5.367,3
5.368,3
5.369,3
5.37,3
5.371,3
5.372,3
5.373,3
5.374,3
5.375,3
5.376,3
5.377,3
5.378,3
5.379,3
5.38,3
5.381,3
5.382,3
5.383,3
5.384,3
5.385,3
5.386,3
5.387,3
5.388,3
5.389,3
5.39,3
5.391,3
5.392,3
5.393,3
5.394,3
5.395,3
5.396,3
5.397,3
5.398,3
5.399,3
5.4,3
5.401,3
5.402,3
5.403,3
5.404,3
5.405,3
5.406,3
5.407,3
5.408,3
5.409,3
5.41,3
5.411,3
5.412,3
5.413,3
5.414,3
5.415,3
5.416,3
5.417,3
5.418,3
5.419,3
5.42,3
5.421,3
5.422,3
5.423,3
5.424,3
5.425,3
5.426,3
5.427,3
5.428,3
5.429,3
5.43,3
5.431,3
5.432,3
5.433,3
5.434,3
5.435,3
5.436,3
5.437,3
5.438,3
5.439,3
5.44,3
5.441,3
5.442,3
5.443,3
5.444,3
5.445,3
5.446,3
5.447,3
5.448,3
5.449,3
5.45,3
5.451,3
5.452,3
5.453,3
5.454,3
5.455,3
5.456,3
5.457,3
5.458,3
5.459,3
5.46,3
5.461,3
5.462,3
5.463,3
5.464,3
5.465,3
5.466,3
5.467,3
5.468,3
5.469,3
5.47,3
5.471,3
5.472,3
5.473,3
5.474,3
5.475,3
5.476,3
5.477,3
5.478,3
5.479,3
5.48,3
5.481,3
5.482,3
5.483,3
5.484,3
5.485,3
5.486,3
5.487,3
5.488,3
5.489,3
5.49,3
5.491,3
5.492,3
5.493,3
5.494,3
5.495,3
5.496,3
5.497,3
5.498,3
5.499,3
5.5,3
5.501,3
5.502,3
5.503,3
5.504,3
5.505,3
5.506,3
5.507,3
5.508,3
5.509,3
5.51,3
5.511,3
5.512,3
5.513,3
5.514,3
5.515,3
5.516,3
5.517,3
5.518,3
5.519,3
5.52,3
5.521,3
5.522,3
5.523,3
5.524,3
5.525,3
5.526,3
5.527,3
5.528,3
5.529,3
5.53,3
5.531,3
5.532,3
5.533,3
5.534,3
5.535,3
5.536,3
5.537,3
5.538,3
5.539,3
5.54,3
5.541,3
5.542,3
5.543,3
5.544,3
5.545,3
5.546,3
5.547,3
5.548,3
5.549,3
5.55,3
5.551,3
5.552,3
5.553,3
5.554,3
5.555,3
5.556,3
5.557,3
5.558,3
5.559,3
5.56,3
5.561,3
5.562,3
5.563,3
5.564,3
5.565,3
5.566,3
5.567,3
5.568,3
5.569,3
5.57,3
5.571,3
5.572,3
5.573,3
5.574,3
5.575,3
5.576,3
5.577,3
5.578,3
5.579,3
5.58,3
5.581,3
5.582,3
5.583,3
5.584,3
5.585,3
5.586,3
5.587,3
5.588,3
5.589,3
5.59,3
5.591,3
5.592,3
5.593,3
5.594,3
5.595,3
5.596,3
5.597,3
5.598,3
5.599,3
5.6,3
5.601,3
5.602,3
5.603,3
5.604,3
5.605,3
5.606,3
5.607,3
5.608,3
5.609,3
5.61,3
5.611,3
5.612,3
5.613,3
5.614,3
5.615,3
5.616,3
5.617,3
5.618,3
5.619,3
5.62,3
5.621,3
5.622,3
5.623,3
5.624,3
5.625,3
5.626,3
5.627,3
5.628,3
5.629,3
5.63,3
5.631,3
5.632,3
5.633,3
5.634,3
5.635,3
5.636,3
5.637,3
5.638,3
5.639,3
5.64,3
5.641,3
5.642,3
5.643,3
5.644,3
5.645,3
5.646,3
5.647,3
5.648,3
5.649,3
5.65,3
5.651,3
5.652,3
5.653,3
5.654,3
5.655,3
5.656,3
5.657,3
5.658,3
5.659,3
5.66,3
5.661,3
5.662,3
5.663,3
5.664,3
5.665,3
5.666,3
5.667,3
5.668,3
5.669,3
5.67,3
5.671,3
5.672,3
5.673,3
5.674,3
5.675,3
5.676,3
5.677,3
5.678,3
5.679,3
5.68,3
5.681,3
5.682,3
5.683,3
5.684,3
5.685,3
5.686,3
5.687,3
5.688,3
5.689,3
5.69,3
5.691,3
5.692,3
5.693,3
5.694,3
5.695,3
5.696,3
5.697,3
5.698,3
5.699,3
5.7,3
5.701,3
5.702,3
5.703,3
5.704,3
5.705,3
5.706,3
5.707,3
5.708,3
5.709,3
5.71,3
5.711,3
5.712,3
5.713,3
5.714,3
5.715,3
5.716,3
5.717,3
5.718,3
5.719,3
5.72,3
5.721,3
5.722,3
5.723,3
5.724,3
5.725,3
5.726,3
5.727,3
5.728,3
5.729,3
5.73,3
5.731,3
5.732,3
5.733,3
5.734,3
5.735,3
5.736,3
5.737,3
5.738,3
5.739,3
5.74,3
5.741,3
5.742,3
5.743,3
5.744,3
5.745,3
5.746,3
5.747,3
5.748,3
5.749,3
5.75,3
5.751,3
5.752,3
5.753,3
5.754,3
5.755,3
5.756,3
5.757,3
5.758,3
5.759,3
5.76,3
5.761,3
5.762,3
5.763,3
5.764,3
5.765,3
5.766,3
5.767,3
5.768,3
5.769,3
5.77,3
5.771,3
5.772,3
5.773,3
5.774,3
5.775,3
5.776,3
5.777,3
5.778,3
5.779,3
5.78,3
5.781,3
5.782,3
5.783,3
5.784,3
5.785,3
5.786,3
5.787,3
5.788,3
5.789,3
5.79,3
5.791,3
5.792,3
5.793,3
5.794,3
5.795,3
5.796,3
5.797,3
5.798,3
5.799,3
5.8,3
5.801,3
5.802,3
5.803,3
5.804,3
5.805,3
5.806,3
5.807,3
5.808,3
5.809,3
5.81,3
5.811,3
5.812,3
5.813,3
5.814,3
5.815,3
5.816,3
5.817,3
5.818,3
5.819,3
5.82,3
5.821,3
5.822,3
5.823,3
5.824,3
5.825,3
5.826,3
5.827,3
5.828,3
5.829,3
5.83,3
5.831,3
5.832,3
5.833,3
5.834,3
5.835,3
5.836,3
5.837,3
5.838,3
5.839,3
5.84,3
5.841,3
5.842,3
5.843,3
5.844,3
5.845,3
5.846,3
5.847,3
5.848,3
5.849,3
5.85,3
5.851,3
5.852,3
5.853,3
5.854,3
5.855,3
5.856,3
5.857,3
5.858,3
5.859,3
5.86,3
5.861,3
5.862,3
5.863,3
5.864,3
5.865,3
5.866,3
5.867,3
5.868,3
5.869,3
5.87,3
5.871,3
5.872,3
5.873,3
5.874,3
5.875,3
5.876,3
5.877,3
5.878,3
5.879,3
5.88,3
5.881,3
5.882,3
5.883,3
5.884,3
5.885,3
5.886,3
5.887,3
5.888,3
5.889,3
5.89,3
5.891,3
5.892,3
5.893,3
5.894,3
5.895,3
5.896,3
5.897,3
5.898,3
5.899,3
5.9,3
5.901,3
5.902,3
5.903,3
5.904,3
5.905,3
5.906,3
5.907,3
5.908,3
5.909,3
5.91,3
5.911,3
5.912,3
5.913,3
5.914,3
5.915,3
5.916,3
5.917,3
5.918,3
5.919,3
5.92,3
5.921,3
5.922,3
5.923,3
5.924,3
5.925,3
5.926,3
5.927,3
5.928,3
5.929,3
5.93,3
5.931,3
5.932,3
5.933,3
5.934,3
5.935,3
5.936,3
5.937,3
5.938,3
5.939,3
5.94,3
5.941,3
5.942,3
5.943,3
5.944,3
5.945,3
5.946,3
5.947,3
5.948,3
5.949,3
5.95,3
5.951,3
5.952,3
5.953,3
5.954,3
5.955,3
5.956,3
5.957,3
5.958,3
5.959,3
5.96,3
5.961,3
5.962,3
5.963,3
5.964,3
5.965,3
5.966,3
5.967,3
5.968,3
5.969,3
5.97,3
5.971,3
5.972,3
5.973,3
5.974,3
5.975,3
5.976,3
5.977,3
5.978,3
5.979,3
5.98,3
5.981,3
5.982,3
5.983,3
5.984,3
5.985,3
5.986,3
5.987,3
5.988,3
5.989,3
5.99,3
5.991,3
5.992,3
5.993,3
5.994,3
5.995,3
5.996,3
5.997,3
5.998,3
5.999,3
6,3
6.001,3
6.002,3
6.003,3
6.004,3
6.005,3
6.006,3
6.007,3
6.008,3
6.009,3
6.01,3
6.011,3
6.012,3
6.013,3
6.014,3
6.015,3
6.016,3
6.017,3
6.018,3
6.019,3
6.02,3
6.021,3
6.022,3
6.023,3
6.024,3
6.025,3
6.026,3
6.027,3
6.028,3
6.029,3
6.03,3
6.031,3
6.032,3
6.033,3
6.034,3
6.035,3
6.036,3
6.037,3
6.038,3
6.039,3
6.04,3
6.041,3
6.042,3
6.043,3
6.044,3
6.045,3
6.046,3
6.047,3
6.048,3
6.049,3
6.05,3
6.051,3
6.052,3
6.053,3
6.054,3
6.055,3
6.056,3
6.057,3
6.058,3
6.059,3
6.06,3
6.061,3
6.062,3
6.063,3
6.064,3
6.065,3
6.066,3
6.067,3
6.068,3
6.069,3
6.07,3
6.071,3
6.072,3
6.073,3
6.074,3
6.075,3
6.076,3
6.077,3
6.078,3
6.079,3
6.08,3
6.081,3
6.082,3
6.083,3
6.084,3
6.085,3
6.086,3
6.087,3
6.088,3
6.089,3
6.09,3
6.091,3
6.092,3
6.093,3
6.094,3
6.095,3
6.096,3
6.097,3
6.098,3
6.099,3
6.1,3
6.101,3
6.102,3
6.103,3
6.104,3
6.105,3
6.106,3
6.107,3
6.108,3
6.109,3
6.11,3
6.111,3
6.112,3
6.113,3
6.114,3
6.115,3
6.116,3
6.117,3
6.118,3
6.119,3
6.12,3
6.121,3
6.122,3
6.123,3
6.124,3
6.125,3
6.126,3
6.127,3
6.128,3
6.129,3
6.13,3
6.131,3
6.132,3
6.133,3
6.134,3
6.135,3
6.136,3
6.137,3
6.138,3
6.139,3
6.14,3
6.141,3
6.142,3
6.143,3
6.144,3
6.145,3
6.146,3
6.147,3
6.148,3
6.149,3
6.15,3
6.151,3
6.152,3
6.153,3
6.154,3
6.155,3
6.156,3
6.157,3
6.158,3
6.159,3
6.16,3
6.161,3
6.162,3
6.163,3
6.164,3
6.165,3
6.166,3
6.167,3
6.168,3
6.169,3
6.17,3
6.171,3
6.172,3
6.173,3
6.174,3
6.175,3
6.176,3
6.177,3
6.178,3
6.179,3
6.18,3
6.181,3
6.182,3
6.183,3
6.184,3
6.185,3
6.186,3
6.187,3
6.188,3
6.189,3
6.19,3
6.191,3
6.192,3
6.193,3
6.194,3
6.195,3
6.196,3
6.197,3
6.198,3
6.199,3
6.2,3
6.201,3
6.202,3
6.203,3
6.204,3
6.205,3
6.206,3
6.207,3
6.208,3
6.209,3
6.21,3
6.211,3
6.212,3
6.213,3
6.214,3
6.215,3
6.216,3
6.217,3
6.218,3
6.219,3
6.22,3
6.221,3
6.222,3
6.223,3
6.224,3
6.225,3
6.226,3
6.227,3
6.228,3
6.229,3
6.23,3
6.231,3
6.232,3
6.233,3
6.234,3
6.235,3
6.236,3
6.237,3
6.238,3
6.239,3
6.24,3
6.241,3
6.242,3
6.243,3
6.244,3
6.245,3
6.246,3
6.247,3
6.248,3
6.249,3
6.25,3
6.251,3
6.252,3
6.253,3
6.254,3
6.255,3
6.256,3
6.257,3
6.258,3
6.259,3
6.26,3
6.261,3
6.262,3
6.263,3
6.264,3
6.265,3
6.266,3
6.267,3
6.268,3
6.269,3
6.27,3
6.271,3
6.272,3
6.273,3
6.274,3
6.275,3
6.276,3
6.277,3
6.278,3
6.279,3
6.28,3
6.281,3
6.282,3
6.283,3
6.284,3
6.285,3
6.286,3
6.287,3
6.288,3
6.289,3
6.29,3
6.291,3
6.292,3
6.293,3
6.294,3
6.295,3
6.296,3
6.297,3
6.298,3
6.299,3
6.3,3
6.301,3
6.302,3
6.303,3
6.304,3
6.305,3
6.306,3
6.307,3
6.308,3
6.309,3
6.31,3
6.311,3
6.312,3
6.313,3
6.314,3
6.315,3
6.316,3
6.317,3
6.318,3
6.319,3
6.32,3
6.321,3
6.322,3
6.323,3
6.324,3
6.325,3
6.326,3
6.327,3
6.328,3
6.329,3
6.33,3
6.331,3
6.332,3
6.333,3
6.334,3
6.335,3
6.336,3
6.337,3
6.338,3
6.339,3
6.34,3
6.341,3
6.342,3
6.343,3
6.344,3
6.345,3
6.346,3
6.347,3
6.348,3
6.349,3
6.35,3
6.351,3
6.352,3
6.353,3
6.354,3
6.355,3
6.356,3
6.357,3
6.358,3
6.359,3
6.36,3
6.361,3
6.362,3
6.363,3
6.364,3
6.365,3
6.366,3
6.367,3
6.368,3
6.369,3
6.37,3
6.371,3
6.372,3
6.373,3
6.374,3
6.375,3
6.376,3
6.377,3
6.378,3
6.379,3
6.38,3
6.381,3
6.382,3
6.383,3
6.384,3
6.385,3
6.386,3
6.387,3
6.388,3
6.389,3
6.39,3
6.391,3
6.392,3
6.393,3
6.394,3
6.395,3
6.396,3
6.397,3
6.398,3
6.399,3
6.4,3
6.401,3
6.402,3
6.403,3
6.404,3
6.405,3
6.406,3
6.407,3
6.408,3
6.409,3
6.41,3
6.411,3
6.412,3
6.413,3
6.414,3
6.415,3
6.416,3
6.417,3
6.418,3
6.419,3
6.42,3
6.421,3
6.422,3
6.423,3
6.424,3
6.425,3
6.426,3
6.427,3
6.428,3
6.429,3
6.43,3
6.431,3
6.432,3
6.433,3
6.434,3
6.435,3
6.436,3
6.437,3
6.438,3
6.439,3
6.44,3
6.441,3
6.442,3
6.443,3
6.444,3
6.445,3
6.446,3
6.447,3
6.448,3
6.449,3
6.45,3
6.451,3
6.452,3
6.453,3
6.454,3
6.455,3
6.456,3
6.457,3
6.458,3
6.459,3
6.46,3
6.461,3
6.462,3
6.463,3
6.464,3
6.465,3
6.466,3
6.467,3
6.468,3
6.469,3
6.47,3
6.471,3
6.472,3
6.473,3
6.474,3
6.475,3
6.476,3
6.477,3
6.478,3
6.479,3
6.48,3
6.481,3
6.482,3
6.483,3
6.484,3
6.485,3
6.486,3
6.487,3
6.488,3
6.489,3
6.49,3
6.491,3
6.492,3
6.493,3
6.494,3
6.495,3
6.496,3
6.497,3
6.498,3
6.499,3
6.5,3
6.501,3
6.502,3
6.503,3
6.504,3
6.505,3
6.506,3
6.507,3
6.508,3
6.509,3
6.51,3
6.511,3
6.512,3
6.513,3
6.514,3
6.515,3
6.516,3
6.517,3
6.518,3
6.519,3
6.52,3
6.521,3
6.522,3
6.523,3
6.524,3
6.525,3
6.526,3
6.527,3
6.528,3
6.529,3
6.53,3
6.531,3
6.532,3
6.533,3
6.534,3
6.535,3
6.536,3
6.537,3
6.538,3
6.539,3
6.54,3
6.541,3
6.542,3
6.543,3
6.544,3
6.545,3
6.546,3
6.547,3
6.548,3
6.549,3
6.55,3
6.551,3
6.552,3
6.553,3
6.554,3
6.555,3
6.556,3
6.557,3
6.558,3
6.559,3
6.56,3
6.561,3
6.562,3
6.563,3
6.564,3
6.565,3
6.566,3
6.567,3
6.568,3
6.569,3
6.57,3
6.571,3
6.572,3
6.573,3
6.574,3
6.575,3
6.576,3
6.577,3
6.578,3
6.579,3
6.58,3
6.581,3
6.582,3
6.583,3
6.584,3
6.585,3
6.586,3
6.587,3
6.588,3
6.589,3
6.59,3
6.591,3
6.592,3
6.593,3
6.594,3
6.595,3
6.596,3
6.597,3
6.598,3
6.599,3
6.6,3
6.601,3
6.602,3
6.603,3
6.604,3
6.605,3
6.606,3
6.607,3
6.608,3
6.609,3
6.61,3
6.611,3
6.612,3
6.613,3
6.614,3
6.615,3
6.616,3
6.617,3
6.618,3
6.619,3
6.62,3
6.621,3
6.622,3
6.623,3
6.624,3
6.625,3
6.626,3
6.627,3
6.628,3
6.629,3
6.63,3
6.631,3
6.632,3
6.633,3
6.634,3
6.635,3
6.636,3
6.637,3
6.638,3
6.639,3
6.64,3
6.641,3
6.642,3
6.643,3
6.644,3
6.645,3
6.646,3
6.647,3
6.648,3
6.649,3
6.65,3
6.651,3
6.652,3
6.653,3
6.654,3
6.655,3
6.656,3
6.657,3
6.658,3
6.659,3
6.66,3
6.661,3
6.662,3
6.663,3
6.664,3
6.665,3
6.666,3
6.667,3
6.668,3
6.669,3
6.67,3
6.671,3
6.672,3
6.673,3
6.674,3
6.675,3
6.676,3
6.677,3
6.678,3
6.679,3
6.68,3
6.681,3
6.682,3
6.683,3
6.684,3
6.685,3
6.686,3
6.687,3
6.688,3
6.689,3
6.69,3
6.691,3
6.692,3
6.693,3
6.694,3
6.695,3
6.696,3
6.697,3
6.698,3
6.699,3
6.7,3
6.701,3
6.702,3
6.703,3
6.704,3
6.705,3
6.706,3
6.707,3
6.708,3
6.709,3
6.71,3
6.711,3
6.712,3
6.713,3
6.714,3
6.715,3
6.716,3
6.717,3
6.718,3
6.719,3
6.72,3
6.721,3
6.722,3
6.723,3
6.724,3
6.725,3
6.726,3
6.727,3
6.728,3
6.729,3
6.73,3
6.731,3
6.732,3
6.733,3
6.734,3
6.735,3
6.736,3
6.737,3
6.738,3
6.739,3
6.74,3
6.741,3
6.742,3
6.743,3
6.744,3
6.745,3
6.746,3
6.747,3
6.748,3
6.749,3
6.75,3
6.751,3
6.752,3
6.753,3
6.754,3
6.755,3
6.756,3
6.757,3
6.758,3
6.759,3
6.76,3
6.761,3
6.762,3
6.763,3
6.764,3
6.765,3
6.766,3
6.767,3
6.768,3
6.769,3
6.77,3
6.771,3
6.772,3
6.773,3
6.774,3
6.775,3
6.776,3
6.777,3
6.778,3
6.779,3
6.78,3
6.781,3
6.782,3
6.783,3
6.784,3
6.785,3
6.786,3
6.787,3
6.788,3
6.789,3
6.79,3
6.791,3
6.792,3
6.793,3
6.794,3
6.795,3
6.796,3
6.797,3
6.798,3
6.799,3
6.8,3
6.801,3
6.802,3
6.803,3
6.804,3
6.805,3
6.806,3
6.807,3
6.808,3
6.809,3
6.81,3
6.811,3
6.812,3
6.813,3
6.814,3
6.815,3
6.816,3
6.817,3
6.818,3
6.819,3
6.82,3
6.821,3
6.822,3
6.823,3
6.824,3
6.825,3
6.826,3
6.827,3
6.828,3
6.829,3
6.83,3
6.831,3
6.832,3
6.833,3
6.834,3
6.835,3
6.836,3
6.837,3
6.838,3
6.839,3
6.84,3
6.841,3
6.842,3
6.843,3
6.844,3
6.845,3
6.846,3
6.847,3
6.848,3
6.849,3
6.85,3
6.851,3
6.852,3
6.853,3
6.854,3
6.855,3
6.856,3
6.857,3
6.858,3
6.859,3
6.86,3
6.861,3
6.862,3
6.863,3
6.864,3
6.865,3
6.866,3
6.867,3
6.868,3
6.869,3
6.87,3
6.871,3
6.872,3
6.873,3
6.874,3
6.875,3
6.876,3
6.877,3
6.878,3
6.879,3
6.88,3
6.881,3
6.882,3
6.883,3
6.884,3
6.885,3
6.886,3
6.887,3
6.888,3
6.889,3
6.89,3
6.891,3
6.892,3
6.893,3
6.894,3
6.895,3
6.896,3
6.897,3
6.898,3
6.899,3
6.9,3
6.901,3
6.902,3
6.903,3
6.904,3
6.905,3
6.906,3
6.907,3
6.908,3
6.909,3
6.91,3
6.911,3
6.912,3
6.913,3
6.914,3
6.915,3
6.916,3
6.917,3
6.918,3
6.919,3
6.92,3
6.921,3
6.922,3
6.923,3
6.924,3
6.925,3
6.926,3
6.927,3
6.928,3
6.929,3
6.93,3
6.931,3
6.932,3
6.933,3
6.934,3
6.935,3
6.936,3
6.937,3
6.938,3
6.939,3
6.94,3
6.941,3
6.942,3
6.943,3
6.944,3
6.945,3
6.946,3
6.947,3
6.948,3
6.949,3
6.95,3
6.951,3
6.952,3
6.953,3
6.954,3
6.955,3
6.956,3
6.957,3
6.958,3
6.959,3
6.96,3
6.961,3
6.962,3
6.963,3
6.964,3
6.965,3
6.966,3
6.967,3
6.968,3
6.969,3
6.97,3
6.971,3
6.972,3
6.973,3
6.974,3
6.975,3
6.976,3
6.977,3
6.978,3
6.979,3
6.98,3
6.981,3
6.982,3
6.983,3
6.984,3
6.985,3
6.986,3
6.987,3
6.988,3
6.989,3
6.99,3
6.991,3
6.992,3
6.993,3
6.994,3
6.995,3
6.996,3
6.997,3
6.998,3
6.999,3
7,3
7.001,3
7.002,3
7.003,3
7.004,3
7.005,3
7.006,3
7.007,3
7.008,3
7.009,3
7.01,3
7.011,3
7.012,3
7.013,3
7.014,3
7.015,3
7.016,3
7.017,3
7.018,3
7.019,3
7.02,3
7.021,3
7.022,3
7.023,3
7.024,3
7.025,3
7.026,3
7.027,3
7.028,3
7.029,3
7.03,3
7.031,3
7.032,3
7.033,3
7.034,3
7.035,3
7.036,3
7.037,3
7.038,3
7.039,3
7.04,3
7.041,3
7.042,3
7.043,3
7.044,3
7.045,3
7.046,3
7.047,3
7.048,3
7.049,3
7.05,3
7.051,3
7.052,3
7.053,3
7.054,3
7.055,3
7.056,3
7.057,3
7.058,3
7.059,3
7.06,3
7.061,3
7.062,3
7.063,3
7.064,3
7.065,3
7.066,3
7.067,3
7.068,3
7.069,3
7.07,3
7.071,3
7.072,3
7.073,3
7.074,3
7.075,3
7.076,3
7.077,3
7.078,3
7.079,3
7.08,3
7.081,3
7.082,3
7.083,3
7.084,3
7.085,3
7.086,3
7.087,3
7.088,3
7.089,3
7.09,3
7.091,3
7.092,3
7.093,3
7.094,3
7.095,3
7.096,3
7.097,3
7.098,3
7.099,3
7.1,3
7.101,3
7.102,3
7.103,3
7.104,3
7.105,3
7.106,3
7.107,3
7.108,3
7.109,3
7.11,3
7.111,3
7.112,3
7.113,3
7.114,3
7.115,3
7.116,3
7.117,3
7.118,3
7.119,3
7.12,3
7.121,3
7.122,3
7.123,3
7.124,3
7.125,3
7.126,3
7.127,3
7.128,3
7.129,3
7.13,3
7.131,3
7.132,3
7.133,3
7.134,3
7.135,3
7.136,3
7.137,3
7.138,3
7.139,3
7.14,3
7.141,3
7.142,3
7.143,3
7.144,3
7.145,3
7.146,3
7.147,3
7.148,3
7.149,3
7.15,3
7.151,3
7.152,3
7.153,3
7.154,3
7.155,3
7.156,3
7.157,3
7.158,3
7.159,3
7.16,3
7.161,3
7.162,3
7.163,3
7.164,3
7.165,3
7.166,3
7.167,3
7.168,3
7.169,3
7.17,3
7.171,3
7.172,3
7.173,3
7.174,3
7.175,3
7.176,3
7.177,3
7.178,3
7.179,3
7.18,3
7.181,3
7.182,3
7.183,3
7.184,3
7.185,3
7.186,3
7.187,3
7.188,3
7.189,3
7.19,3
7.191,3
7.192,3
7.193,3
7.194,3
7.195,3
7.196,3
7.197,3
7.198,3
7.199,3
7.2,3
7.201,3
7.202,3
7.203,3
7.204,3
7.205,3
7.206,3
7.207,3
7.208,3
7.209,3
7.21,3
7.211,3
7.212,3
7.213,3
7.214,3
7.215,3
7.216,3
7.217,3
7.218,3
7.219,3
7.22,3
7.221,3
7.222,3
7.223,3
7.224,3
7.225,3
7.226,3
7.227,3
7.228,3
7.229,3
7.23,3
7.231,3
7.232,3
7.233,3
7.234,3
7.235,3
7.236,3
7.237,3
7.238,3
7.239,3
7.24,3
7.241,3
7.242,3
7.243,3
7.244,3
7.245,3
7.246,3
7.247,3
7.248,3
7.249,3
7.25,3
7.251,3
7.252,3
7.253,3
7.254,3
7.255,3
7.256,3
7.257,3
7.258,3
7.259,3
7.26,3
7.261,3
7.262,3
7.263,3
7.264,3
7.265,3
7.266,3
7.267,3
7.268,3
7.269,3
7.27,3
7.271,3
7.272,3
7.273,3
7.274,3
7.275,3
7.276,3
7.277,3
7.278,3
7.279,3
7.28,3
7.281,3
7.282,3
7.283,3
7.284,3
7.285,3
7.286,3
7.287,3
7.288,3
7.289,3
7.29,3
7.291,3
7.292,3
7.293,3
7.294,3
7.295,3
7.296,3
7.297,3
7.298,3
7.299,3
7.3,3
7.301,3
7.302,3
7.303,3
7.304,3
7.305,3
7.306,3
7.307,3
7.308,3
7.309,3
7.31,3
7.311,3
7.312,3
7.313,3
7.314,3
7.315,3
7.316,3
7.317,3
7.318,3
7.319,3
7.32,3
7.321,3
7.322,3
7.323,3
7.324,3
7.325,3
7.326,3
7.327,3
7.328,3
7.329,3
7.33,3
7.331,3
7.332,3
7.333,3
7.334,3
7.335,3
7.336,3
7.337,3
7.338,3
7.339,3
7.34,3
7.341,3
7.342,3
7.343,3
7.344,3
7.345,3
7.346,3
7.347,3
7.348,3
7.349,3
7.35,3
7.351,3
7.352,3
7.353,3
7.354,3
7.355,3
7.356,3
7.357,3
7.358,3
7.359,3
7.36,3
7.361,3
7.362,3
7.363,3
7.364,3
7.365,3
7.366,3
7.367,3
7.368,3
7.369,3
7.37,3
7.371,3
7.372,3
7.373,3
7.374,3
7.375,3
7.376,3
7.377,3
7.378,3
7.379,3
7.38,3
7.381,3
7.382,3
7.383,3
7.384,3
7.385,3
7.386,3
7.387,3
7.388,3
7.389,3
7.39,3
7.391,3
7.392,3
7.393,3
7.394,3
7.395,3
7.396,3
7.397,3
7.398,3
7.399,3
7.4,3
7.401,3
7.402,3
7.403,3
7.404,3
7.405,3
7.406,3
7.407,3
7.408,3
7.409,3
7.41,3
7.411,3
7.412,3
7.413,3
7.414,3
7.415,3
7.416,3
7.417,3
7.418,3
7.419,3
7.42,3
7.421,3
7.422,3
7.423,3
7.424,3
7.425,3
7.426,3
7.427,3
7.428,3
7.429,3
7.43,3
7.431,3
7.432,3
7.433,3
7.434,3
7.435,3
7.436,3
7.437,3
7.438,3
7.439,3
7.44,3
7.441,3
7.442,3
7.443,3
7.444,3
7.445,3
7.446,3
7.447,3
7.448,3
7.449,3
7.45,3
7.451,3
7.452,3
7.453,3
7.454,3
7.455,3
7.456,3
7.457,3
7.458,3
7.459,3
7.46,3
7.461,3
7.462,3
7.463,3
7.464,3
7.465,3
7.466,3
7.467,3
7.468,3
7.469,3
7.47,3
7.471,3
7.472,3
7.473,3
7.474,3
7.475,3
7.476,3
7.477,3
7.478,3
7.479,3
7.48,3
7.481,3
7.482,3
7.483,3
7.484,3
7.485,3
7.486,3
7.487,3
7.488,3
7.489,3
7.49,3
7.491,3
7.492,3
7.493,3
7.494,3
7.495,3
7.496,3
7.497,3
7.498,3
7.499,3
7.5,3
7.501,3
7.502,3
7.503,3
7.504,3
7.505,3
7.506,3
7.507,3
7.508,3
7.509,3
7.51,3
7.511,3
7.512,3
7.513,3
7.514,3
7.515,3
7.516,3
7.517,3
7.518,3
7.519,3
7.52,3
7.521,3
7.522,3
7.523,3
7.524,3
7.525,3
7.526,3
7.527,3
7.528,3
7.529,3
7.53,3
7.531,3
7.532,3
7.533,3
7.534,3
7.535,3
7.536,3
7.537,3
7.538,3
7.539,3
7.54,3
7.541,3
7.542,3
7.543,3
7.544,3
7.545,3
7.546,3
7.547,3
7.548,3
7.549,3
7.55,3
7.551,3
7.552,3
7.553,3
7.554,3
7.555,3
7.556,3
7.557,3
7.558,3
7.559,3
7.56,3
7.561,3
7.562,3
7.563,3
7.564,3
7.565,3
7.566,3
7.567,3
7.568,3
7.569,3
7.57,3
7.571,3
7.572,3
7.573,3
7.574,3
7.575,3
7.576,3
7.577,3
7.578,3
7.579,3
7.58,3
7.581,3
7.582,3
7.583,3
7.584,3
7.585,3
7.586,3
7.587,3
7.588,3
7.589,3
7.59,3
7.591,3
7.592,3
7.593,3
7.594,3
7.595,3
7.596,3
7.597,3
7.598,3
7.599,3
7.6,3
7.601,3
7.602,3
7.603,3
7.604,3
7.605,3
7.606,3
7.607,3
7.608,3
7.609,3
7.61,3
7.611,3
7.612,3
7.613,3
7.614,3
7.615,3
7.616,3
7.617,3
7.618,3
7.619,3
7.62,3
7.621,3
7.622,3
7.623,3
7.624,3
7.625,3
7.626,3
7.627,3
7.628,3
7.629,3
7.63,3
7.631,3
7.632,3
7.633,3
7.634,3
7.635,3
7.636,3
7.637,3
7.638,3
7.639,3
7.64,3
7.641,3
7.642,3
7.643,3
7.644,3
7.645,3
7.646,3
7.647,3
7.648,3
7.649,3
7.65,3
7.651,3
7.652,3
7.653,3
7.654,3
7.655,3
7.656,3
7.657,3
7.658,3
7.659,3
7.66,3
7.661,3
7.662,3
7.663,3
7.664,3
7.665,3
7.666,3
7.667,3
7.668,3
7.669,3
7.67,3
7.671,3
7.672,3
7.673,3
7.674,3
7.675,3
7.676,3
7.677,3
7.678,3
7.679,3
7.68,3
7.681,3
7.682,3
7.683,3
7.684,3
7.685,3
7.686,3
7.687,3
7.688,3
7.689,3
7.69,3
7.691,3
7.692,3
7.693,3
7.694,3
7.695,3
7.696,3
7.697,3
7.698,3
7.699,3
7.7,3
7.701,3
7.702,3
7.703,3
7.704,3
7.705,3
7.706,3
7.707,3
7.708,3
7.709,3
7.71,3
7.711,3
7.712,3
7.713,3
7.714,3
7.715,3
7.716,3
7.717,3
7.718,3
7.719,3
7.72,3
7.721,3
7.722,3
7.723,3
7.724,3
7.725,3
7.726,3
7.727,3
7.728,3
7.729,3
7.73,3
7.731,3
7.732,3
7.733,3
7.734,3
7.735,3
7.736,3
7.737,3
7.738,3
7.739,3
7.74,3
7.741,3
7.742,3
7.743,3
7.744,3
7.745,3
7.746,3
7.747,3
7.748,3
7.749,3
7.75,3
7.751,3
7.752,3
7.753,3
7.754,3
7.755,3
7.756,3
7.757,3
7.758,3
7.759,3
7.76,3
7.761,3
7.762,3
7.763,3
7.764,3
7.765,3
7.766,3
7.767,3
7.768,3
7.769,3
7.77,3
7.771,3
7.772,3
7.773,3
7.774,3
7.775,3
7.776,3
7.777,3
7.778,3
7.779,3
7.78,3
7.781,3
7.782,3
7.783,3
7.784,3
7.785,3
7.786,3
7.787,3
7.788,3
7.789,3
7.79,3
7.791,3
7.792,3
7.793,3
7.794,3
7.795,3
7.796,3
7.797,3
7.798,3
7.799,3
7.8,3
7.801,3
7.802,3
7.803,3
7.804,3
7.805,3
7.806,3
7.807,3
7.808,3
7.809,3
7.81,3
7.811,3
7.812,3
7.813,3
7.814,3
7.815,3
7.816,3
7.817,3
7.818,3
7.819,3
7.82,3
7.821,3
7.822,3
7.823,3
7.824,3
7.825,3
7.826,3
7.827,3
7.828,3
7.829,3
7.83,3
7.831,3
7.832,3
7.833,3
7.834,3
7.835,3
7.836,3
7.837,3
7.838,3
7.839,3
7.84,3
7.841,3
7.842,3
7.843,3
7.844,3
7.845,3
7.846,3
7.847,3
7.848,3
7.849,3
7.85,3
7.851,3
7.852,3
7.853,3
7.854,3
7.855,3
7.856,3
7.857,3
7.858,3
7.859,3
7.86,3
7.861,3
7.862,3
7.863,3
7.864,3
7.865,3
7.866,3
7.867,3
7.868,3
7.869,3
7.87,3
7.871,3
7.872,3
7.873,3
7.874,3
7.875,3
7.876,3
7.877,3
7.878,3
7.879,3
7.88,3
7.881,3
7.882,3
7.883,3
7.884,3
7.885,3
7.886,3
7.887,3
7.888,3
7.889,3
7.89,3
7.891,3
7.892,3
7.893,3
7.894,3
7.895,3
7.896,3
7.897,3
7.898,3
7.899,3
7.9,3
7.901,3
7.902,3
7.903,3
7.904,3
7.905,3
7.906,3
7.907,3
7.908,3
7.909,3
7.91,3
7.911,3
7.912,3
7.913,3
7.914,3
7.915,3
7.916,3
7.917,3
7.918,3
7.919,3
7.92,3
7.921,3
7.922,3
7.923,3
7.924,3
7.925,3
7.926,3
7.927,3
7.928,3
7.929,3
7.93,3
7.931,3
7.932,3
7.933,3
7.934,3
7.935,3
7.936,3
7.937,3
7.938,3
7.939,3
7.94,3
7.941,3
7.942,3
7.943,3
7.944,3
7.945,3
7.946,3
7.947,3
7.948,3
7.949,3
7.95,3
7.951,3
7.952,3
7.953,3
7.954,3
7.955,3
7.956,3
7.957,3
7.958,3
7.959,3
7.96,3
7.961,3
7.962,3
7.963,3
7.964,3
7.965,3
7.966,3
7.967,3
7.968,3
7.969,3
7.97,3
7.971,3
7.972,3
7.973,3
7.974,3
7.975,3
7.976,3
7.977,3
7.978,3
7.979,3
7.98,3
7.981,3
7.982,3
7.983,3
7.984,3
7.985,3
7.986,3
7.987,3
7.988,3
7.989,3
7.99,3
7.991,3
7.992,3
7.993,3
7.994,3
7.995,3
7.996,3
7.997,3
7.998,3
7.999,3
8,3
8.001,3
8.002,3
8.003,3
8.004,3
8.005,3
8.006,3
8.007,3
8.008,3
8.009,3
8.01,3
8.011,3
8.012,3
8.013,3
8.014,3
8.015,3
8.016,3
8.017,3
8.018,3
8.019,3
8.02,3
8.021,3
8.022,3
8.023,3
8.024,3
8.025,3
8.026,3
8.027,3
8.028,3
8.029,3
8.03,3
8.031,3
8.032,3
8.033,3
8.034,3
8.035,3
8.036,3
8.037,3
8.038,3
8.039,3
8.04,3
8.041,3
8.042,3
8.043,3
8.044,3
8.045,3
8.046,3
8.047,3
8.048,3
8.049,3
8.05,3
8.051,3
8.052,3
8.053,3
8.054,3
8.055,3
8.056,3
8.057,3
8.058,3
8.059,3
8.06,3
8.061,3
8.062,3
8.063,3
8.064,3
8.065,3
8.066,3
8.067,3
8.068,3
8.069,3
8.07,3
8.071,3
8.072,3
8.073,3
8.074,3
8.075,3
8.076,3
8.077,3
8.078,3
8.079,3
8.08,3
8.081,3
8.082,3
8.083,3
8.084,3
8.085,3
8.086,3
8.087,3
8.088,3
8.089,3
8.09,3
8.091,3
8.092,3
8.093,3
8.094,3
8.095,3
8.096,3
8.097,3
8.098,3
8.099,3
8.1,3
8.101,3
8.102,3
8.103,3
8.104,3
8.105,3
8.106,3
8.107,3
8.108,3
8.109,3
8.11,3
8.111,3
8.112,3
8.113,3
8.114,3
8.115,3
8.116,3
8.117,3
8.118,3
8.119,3
8.12,3
8.121,3
8.122,3
8.123,3
8.124,3
8.125,3
8.126,3
8.127,3
8.128,3
8.129,3
8.13,3
8.131,3
8.132,3
8.133,3
8.134,3
8.135,3
8.136,3
8.137,3
8.138,3
8.139,3
8.14,3
8.141,3
8.142,3
8.143,3
8.144,3
8.145,3
8.146,3
8.147,3
8.148,3
8.149,3
8.15,3
8.151,3
8.152,3
8.153,3
8.154,3
8.155,3
8.156,3
8.157,3
8.158,3
8.159,3
8.16,3
8.161,3
8.162,3
8.163,3
8.164,3
8.165,3
8.166,3
8.167,3
8.168,3
8.169,3
8.17,3
8.171,3
8.172,3
8.173,3
8.174,3
8.175,3
8.176,3
8.177,3
8.178,3
8.179,3
8.18,3
8.181,3
8.182,3
8.183,3
8.184,3
8.185,3
8.186,3
8.187,3
8.188,3
8.189,3
8.19,3
8.191,3
8.192,3
8.193,3
8.194,3
8.195,3
8.196,3
8.197,3
8.198,3
8.199,3
8.2,3
8.201,3
8.202,3
8.203,3
8.204,3
8.205,3
8.206,3
8.207,3
8.208,3
8.209,3
8.21,3
8.211,3
8.212,3
8.213,3
8.214,3
8.215,3
8.216,3
8.217,3
8.218,3
8.219,3
8.22,3
8.221,3
8.222,3
8.223,3
8.224,3
8.225,3
8.226,3
8.227,3
8.228,3
8.229,3
8.23,3
8.231,3
8.232,3
8.233,3
8.234,3
8.235,3
8.236,3
8.237,3
8.238,3
8.239,3
8.24,3
8.241,3
8.242,3
8.243,3
8.244,3
8.245,3
8.246,3
8.247,3
8.248,3
8.249,3
8.25,3
8.251,3
8.252,3
8.253,3
8.254,3
8.255,3
8.256,3
8.257,3
8.258,3
8.259,3
8.26,3
8.261,3
8.262,3
8.263,3
8.264,3
8.265,3
8.266,3
8.267,3
8.268,3
8.269,3
8.27,3
8.271,3
8.272,3
8.273,3
8.274,3
8.275,3
8.276,3
8.277,3
8.278,3
8.279,3
8.28,3
8.281,3
8.282,3
8.283,3
8.284,3
8.285,3
8.286,3
8.287,3
8.288,3
8.289,3
8.29,3
8.291,3
8.292,3
8.293,3
8.294,3
8.295,3
8.296,3
8.297,3
8.298,3
8.299,3
8.3,3
8.301,3
8.302,3
8.303,3
8.304,3
8.305,3
8.306,3
8.307,3
8.308,3
8.309,3
8.31,3
8.311,3
8.312,3
8.313,3
8.314,3
8.315,3
8.316,3
8.317,3
8.318,3
8.319,3
8.32,3
8.321,3
8.322,3
8.323,3
8.324,3
8.325,3
8.326,3
8.327,3
8.328,3
8.329,3
8.33,3
8.331,3
8.332,3
8.333,3
8.334,3
8.335,3
8.336,3
8.337,3
8.338,3
8.339,3
8.34,3
8.341,3
8.342,3
8.343,3
8.344,3
8.345,3
8.346,3
8.347,3
8.348,3
8.349,3
8.35,3
8.351,3
8.352,3
8.353,3
8.354,3
8.355,3
8.356,3
8.357,3
8.358,3
8.359,3
8.36,3
8.361,3
8.362,3
8.363,3
8.364,3
8.365,3
8.366,3
8.367,3
8.368,3
8.369,3
8.37,3
8.371,3
8.372,3
8.373,3
8.374,3
8.375,3
8.376,3
8.377,3
8.378,3
8.379,3
8.38,3
8.381,3
8.382,3
8.383,3
8.384,3
8.385,3
8.386,3
8.387,3
8.388,3
8.389,3
8.39,3
8.391,3
8.392,3
8.393,3
8.394,3
8.395,3
8.396,3
8.397,3
8.398,3
8.399,3
8.4,3
8.401,3
8.402,3
8.403,3
8.404,3
8.405,3
8.406,3
8.407,3
8.408,3
8.409,3
8.41,3
8.411,3
8.412,3
8.413,3
8.414,3
8.415,3
8.416,3
8.417,3
8.418,3
8.419,3
8.42,3
8.421,3
8.422,3
8.423,3
8.424,3
8.425,3
8.426,3
8.427,3
8.428,3
8.429,3
8.43,3
8.431,3
8.432,3
8.433,3
8.434,3
8.435,3
8.436,3
8.437,3
8.438,3
8.439,3
8.44,3
8.441,3
8.442,3
8.443,3
8.444,3
8.445,3
8.446,3
8.447,3
8.448,3
8.449,3
8.45,3
8.451,3
8.452,3
8.453,3
8.454,3
8.455,3
8.456,3
8.457,3
8.458,3
8.459,3
8.46,3
8.461,3
8.462,3
8.463,3
8.464,3
8.465,3
8.466,3
8.467,3
8.468,3
8.469,3
8.47,3
8.471,3
8.472,3
8.473,3
8.474,3
8.475,3
8.476,3
8.477,3
8.478,3
8.479,3
8.48,3
8.481,3
8.482,3
8.483,3
8.484,3
8.485,3
8.486,3
8.487,3
8.488,3
8.489,3
8.49,3
8.491,3
8.492,3
8.493,3
8.494,3
8.495,3
8.496,3
8.497,3
8.498,3
8.499,3
8.5,3
8.501,3
8.502,3
8.503,3
8.504,3
8.505,3
8.506,3
8.507,3
8.508,3
8.509,3
8.51,3
8.511,3
8.512,3
8.513,3
8.514,3
8.515,3
8.516,3
8.517,3
8.518,3
8.519,3
8.52,3
8.521,3
8.522,3
8.523,3
8.524,3
8.525,3
8.526,3
8.527,3
8.528,3
8.529,3
8.53,3
8.531,3
8.532,3
8.533,3
8.534,3
8.535,3
8.536,3
8.537,3
8.538,3
8.539,3
8.54,3
8.541,3
8.542,3
8.543,3
8.544,3
8.545,3
8.546,3
8.547,3
8.548,3
8.549,3
8.55,3
8.551,3
8.552,3
8.553,3
8.554,3
8.555,3
8.556,3
8.557,3
8.558,3
8.559,3
8.56,3
8.561,3
8.562,3
8.563,3
8.564,3
8.565,3
8.566,3
8.567,3
8.568,3
8.569,3
8.57,3
8.571,3
8.572,3
8.573,3
8.574,3
8.575,3
8.576,3
8.577,3
8.578,3
8.579,3
8.58,3
8.581,3
8.582,3
8.583,3
8.584,3
8.585,3
8.586,3
8.587,3
8.588,3
8.589,3
8.59,3
8.591,3
8.592,3
8.593,3
8.594,3
8.595,3
8.596,3
8.597,3
8.598,3
8.599,3
8.6,3
8.601,3
8.602,3
8.603,3
8.604,3
8.605,3
8.606,3
8.607,3
8.608,3
8.609,3
8.61,3
8.611,3
8.612,3
8.613,3
8.614,3
8.615,3
8.616,3
8.617,3
8.618,3
8.619,3
8.62,3
8.621,3
8.622,3
8.623,3
8.624,3
8.625,3
8.626,3
8.627,3
8.628,3
8.629,3
8.63,3
8.631,3
8.632,3
8.633,3
8.634,3
8.635,3
8.636,3
8.637,3
8.638,3
8.639,3
8.64,3
8.641,3
8.642,3
8.643,3
8.644,3
8.645,3
8.646,3
8.647,3
8.648,3
8.649,3
8.65,3
8.651,3
8.652,3
8.653,3
8.654,3
8.655,3
8.656,3
8.657,3
8.658,3
8.659,3
8.66,3
8.661,3
8.662,3
8.663,3
8.664,3
8.665,3
8.666,3
8.667,3
8.668,3
8.669,3
8.67,3
8.671,3
8.672,3
8.673,3
8.674,3
8.675,3
8.676,3
8.677,3
8.678,3
8.679,3
8.68,3
8.681,3
8.682,3
8.683,3
8.684,3
8.685,3
8.686,3
8.687,3
8.688,3
8.689,3
8.69,3
8.691,3
8.692,3
8.693,3
8.694,3
8.695,3
8.696,3
8.697,3
8.698,3
8.699,3
8.7,3
8.701,3
8.702,3
8.703,3
8.704,3
8.705,3
8.706,3
8.707,3
8.708,3
8.709,3
8.71,3
8.711,3
8.712,3
8.713,3
8.714,3
8.715,3
8.716,3
8.717,3
8.718,3
8.719,3
8.72,3
8.721,3
8.722,3
8.723,3
8.724,3
8.725,3
8.726,3
8.727,3
8.728,3
8.729,3
8.73,3
8.731,3
8.732,3
8.733,3
8.734,3
8.735,3
8.736,3
8.737,3
8.738,3
8.739,3
8.74,3
8.741,3
8.742,3
8.743,3
8.744,3
8.745,3
8.746,3
8.747,3
8.748,3
8.749,3
8.75,3
8.751,3
8.752,3
8.753,3
8.754,3
8.755,3
8.756,3
8.757,3
8.758,3
8.759,3
8.76,3
8.761,3
8.762,3
8.763,3
8.764,3
8.765,3
8.766,3
8.767,3
8.768,3
8.769,3
8.77,3
8.771,3
8.772,3
8.773,3
8.774,3
8.775,3
8.776,3
8.777,3
8.778,3
8.779,3
8.78,3
8.781,3
8.782,3
8.783,3
8.784,3
8.785,3
8.786,3
8.787,3
8.788,3
8.789,3
8.79,3
8.791,3
8.792,3
8.793,3
8.794,3
8.795,3
8.796,3
8.797,3
8.798,3
8.799,3
8.8,3
8.801,3
8.802,3
8.803,3
8.804,3
8.805,3
8.806,3
8.807,3
8.808,3
8.809,3
8.81,3
8.811,3
8.812,3
8.813,3
8.814,3
8.815,3
8.816,3
8.817,3
8.818,3
8.819,3
8.82,3
8.821,3
8.822,3
8.823,3
8.824,3
8.825,3
8.826,3
8.827,3
8.828,3
8.829,3
8.83,3
8.831,3
8.832,3
8.833,3
8.834,3
8.835,3
8.836,3
8.837,3
8.838,3
8.839,3
8.84,3
8.841,3
8.842,3
8.843,3
8.844,3
8.845,3
8.846,3
8.847,3
8.848,3
8.849,3
8.85,3
8.851,3
8.852,3
8.853,3
8.854,3
8.855,3
8.856,3
8.857,3
8.858,3
8.859,3
8.86,3
8.861,3
8.862,3
8.863,3
8.864,3
8.865,3
8.866,3
8.867,3
8.868,3
8.869,3
8.87,3
8.871,3
8.872,3
8.873,3
8.874,3
8.875,3
8.876,3
8.877,3
8.878,3
8.879,3
8.88,3
8.881,3
8.882,3
8.883,3
8.884,3
8.885,3
8.886,3
8.887,3
8.888,3
8.889,3
8.89,3
8.891,3
8.892,3
8.893,3
8.894,3
8.895,3
8.896,3
8.897,3
8.898,3
8.899,3
8.9,3
8.901,3
8.902,3
8.903,3
8.904,3
8.905,3
8.906,3
8.907,3
8.908,3
8.909,3
8.91,3
8.911,3
8.912,3
8.913,3
8.914,3
8.915,3
8.916,3
8.917,3
8.918,3
8.919,3
8.92,3
8.921,3
8.922,3
8.923,3
8.924,3
8.925,3
8.926,3
8.927,3
8.928,3
8.929,3
8.93,3
8.931,3
8.932,3
8.933,3
8.934,3
8.935,3
8.936,3
8.937,3
8.938,3
8.939,3
8.94,3
8.941,3
8.942,3
8.943,3
8.944,3
8.945,3
8.946,3
8.947,3
8.948,3
8.949,3
8.95,3
8.951,3
8.952,3
8.953,3
8.954,3
8.955,3
8.956,3
8.957,3
8.958,3
8.959,3
8.96,3
8.961,3
8.962,3
8.963,3
8.964,3
8.965,3
8.966,3
8.967,3
8.968,3
8.969,3
8.97,3
8.971,3
8.972,3
8.973,3
8.974,3
8.975,3
8.976,3
8.977,3
8.978,3
8.979,3
8.98,3
8.981,3
8.982,3
8.983,3
8.984,3
8.985,3
8.986,3
8.987,3
8.988,3
8.989,3
8.99,3
8.991,3
8.992,3
8.993,3
8.994,3
8.995,3
8.996,3
8.997,3
8.998,3
8.999,3
9,3
9.001,3
9.002,3
9.003,3
9.004,3
9.005,3
9.006,3
9.007,3
9.008,3
9.009,3
9.01,3
9.011,3
9.012,3
9.013,3
9.014,3
9.015,3
9.016,3
9.017,3
9.018,3
9.019,3
9.02,3
9.021,3
9.022,3
9.023,3
9.024,3
9.025,3
9.026,3
9.027,3
9.028,3
9.029,3
9.03,3
9.031,3
9.032,3
9.033,3
9.034,3
9.035,3
9.036,3
9.037,3
9.038,3
9.039,3
9.04,3
9.041,3
9.042,3
9.043,3
9.044,3
9.045,3
9.046,3
9.047,3
9.048,3
9.049,3
9.05,3
9.051,3
9.052,3
9.053,3
9.054,3
9.055,3
9.056,3
9.057,3
9.058,3
9.059,3
9.06,3
9.061,3
9.062,3
9.063,3
9.064,3
9.065,3
9.066,3
9.067,3
9.068,3
9.069,3
9.07,3
9.071,3
9.072,3
9.073,3
9.074,3
9.075,3
9.076,3
9.077,3
9.078,3
9.079,3
9.08,3
9.081,3
9.082,3
9.083,3
9.084,3
9.085,3
9.086,3
9.087,3
9.088,3
9.089,3
9.09,3
9.091,3
9.092,3
9.093,3
9.094,3
9.095,3
9.096,3
9.097,3
9.098,3
9.099,3
9.1,3
9.101,3
9.102,3
9.103,3
9.104,3
9.105,3
9.106,3
9.107,3
9.108,3
9.109,3
9.11,3
9.111,3
9.112,3
9.113,3
9.114,3
9.115,3
9.116,3
9.117,3
9.118,3
9.119,3
9.12,3
9.121,3
9.122,3
9.123,3
9.124,3
9.125,3
9.126,3
9.127,3
9.128,3
9.129,3
9.13,3
9.131,3
9.132,3
9.133,3
9.134,3
9.135,3
9.136,3
9.137,3
9.138,3
9.139,3
9.14,3
9.141,3
9.142,3
9.143,3
9.144,3
9.145,3
9.146,3
9.147,3
9.148,3
9.149,3
9.15,3
9.151,3
9.152,3
9.153,3
9.154,3
9.155,3
9.156,3
9.157,3
9.158,3
9.159,3
9.16,3
9.161,3
9.162,3
9.163,3
9.164,3
9.165,3
9.166,3
9.167,3
9.168,3
9.169,3
9.17,3
9.171,3
9.172,3
9.173,3
9.174,3
9.175,3
9.176,3
9.177,3
9.178,3
9.179,3
9.18,3
9.181,3
9.182,3
9.183,3
9.184,3
9.185,3
9.186,3
9.187,3
9.188,3
9.189,3
9.19,3
9.191,3
9.192,3
9.193,3
9.194,3
9.195,3
9.196,3
9.197,3
9.198,3
9.199,3
9.2,3
9.201,3
9.202,3
9.203,3
9.204,3
9.205,3
9.206,3
9.207,3
9.208,3
9.209,3
9.21,3
9.211,3
9.212,3
9.213,3
9.214,3
9.215,3
9.216,3
9.217,3
9.218,3
9.219,3
9.22,3
9.221,3
9.222,3
9.223,3
9.224,3
9.225,3
9.226,3
9.227,3
9.228,3
9.229,3
9.23,3
9.231,3
9.232,3
9.233,3
9.234,3
9.235,3
9.236,3
9.237,3
9.238,3
9.239,3
9.24,3
9.241,3
9.242,3
9.243,3
9.244,3
9.245,3
9.246,3
9.247,3
9.248,3
9.249,3
9.25,3
9.251,3
9.252,3
9.253,3
9.254,3
9.255,3
9.256,3
9.257,3
9.258,3
9.259,3
9.26,3
9.261,3
9.262,3
9.263,3
9.264,3
9.265,3
9.266,3
9.267,3
9.268,3
9.269,3
9.27,3
9.271,3
9.272,3
9.273,3
9.274,3
9.275,3
9.276,3
9.277,3
9.278,3
9.279,3
9.28,3
9.281,3
9.282,3
9.283,3
9.284,3
9.285,3
9.286,3
9.287,3
9.288,3
9.289,3
9.29,3
9.291,3
9.292,3
9.293,3
9.294,3
9.295,3
9.296,3
9.297,3
9.298,3
9.299,3
9.3,3
9.301,3
9.302,3
9.303,3
9.304,3
9.305,3
9.306,3
9.307,3
9.308,3
9.309,3
9.31,3
9.311,3
9.312,3
9.313,3
9.314,3
9.315,3
9.316,3
9.317,3
9.318,3
9.319,3
9.32,3
9.321,3
9.322,3
9.323,3
9.324,3
9.325,3
9.326,3
9.327,3
9.328,3
9.329,3
9.33,3
9.331,3
9.332,3
9.333,3
9.334,3
9.335,3
9.336,3
9.337,3
9.338,3
9.339,3
9.34,3
9.341,3
9.342,3
9.343,3
9.344,3
9.345,3
9.346,3
9.347,3
9.348,3
9.349,3
9.35,3
9.351,3
9.352,3
9.353,3
9.354,3
9.355,3
9.356,3
9.357,3
9.358,3
9.359,3
9.36,3
9.361,3
9.362,3
9.363,3
9.364,3
9.365,3
9.366,3
9.367,3
9.368,3
9.369,3
9.37,3
9.371,3
9.372,3
9.373,3
9.374,3
9.375,3
9.376,3
9.377,3
9.378,3
9.379,3
9.38,3
9.381,3
9.382,3
9.383,3
9.384,3
9.385,3
9.386,3
9.387,3
9.388,3
9.389,3
9.39,3
9.391,3
9.392,3
9.393,3
9.394,3
9.395,3
9.396,3
9.397,3
9.398,3
9.399,3
9.4,3
9.401,3
9.402,3
9.403,3
9.404,3
9.405,3
9.406,3
9.407,3
9.408,3
9.409,3
9.41,3
9.411,3
9.412,3
9.413,3
9.414,3
9.415,3
9.416,3
9.417,3
9.418,3
9.419,3
9.42,3
9.421,3
9.422,3
9.423,3
9.424,3
9.425,3
9.426,3
9.427,3
9.428,3
9.429,3
9.43,3
9.431,3
9.432,3
9.433,3
9.434,3
9.435,3
9.436,3
9.437,3
9.438,3
9.439,3
9.44,3
9.441,3
9.442,3
9.443,3
9.444,3
9.445,3
9.446,3
9.447,3
9.448,3
9.449,3
9.45,3
9.451,3
9.452,3
9.453,3
9.454,3
9.455,3
9.456,3
9.457,3
9.458,3
9.459,3
9.46,3
9.461,3
9.462,3
9.463,3
9.464,3
9.465,3
9.466,3
9.467,3
9.468,3
9.469,3
9.47,3
9.471,3
9.472,3
9.473,3
9.474,3
9.475,3
9.476,3
9.477,3
9.478,3
9.479,3
9.48,3
9.481,3
9.482,3
9.483,3
9.484,3
9.485,3
9.486,3
9.487,3
9.488,3
9.489,3
9.49,3
9.491,3
9.492,3
9.493,3
9.494,3
9.495,3
9.496,3
9.497,3
9.498,3
9.499,3
9.5,3
9.501,3
9.502,3
9.503,3
9.504,3
9.505,3
9.506,3
9.507,3
9.508,3
9.509,3
9.51,3
9.511,3
9.512,3
9.513,3
9.514,3
9.515,3
9.516,3
9.517,3
9.518,3
9.519,3
9.52,3
9.521,3
9.522,3
9.523,3
9.524,3
9.525,3
9.526,3
9.527,3
9.528,3
9.529,3
9.53,3
9.531,3
9.532,3
9.533,3
9.534,3
9.535,3
9.536,3
9.537,3
9.538,3
9.539,3
9.54,3
9.541,3
9.542,3
9.543,3
9.544,3
9.545,3
9.546,3
9.547,3
9.548,3
9.549,3
9.55,3
9.551,3
9.552,3
9.553,3
9.554,3
9.555,3
9.556,3
9.557,3
9.558,3
9.559,3
9.56,3
9.561,3
9.562,3
9.563,3
9.564,3
9.565,3
9.566,3
9.567,3
9.568,3
9.569,3
9.57,3
9.571,3
9.572,3
9.573,3
9.574,3
9.575,3
9.576,3
9.577,3
9.578,3
9.579,3
9.58,3
9.581,3
9.582,3
9.583,3
9.584,3
9.585,3
9.586,3
9.587,3
9.588,3
9.589,3
9.59,3
9.591,3
9.592,3
9.593,3
9.594,3
9.595,3
9.596,3
9.597,3
9.598,3
9.599,3
9.6,3
9.601,3
9.602,3
9.603,3
9.604,3
9.605,3
9.606,3
9.607,3
9.608,3
9.609,3
9.61,3
9.611,3
9.612,3
9.613,3
9.614,3
9.615,3
9.616,3
9.617,3
9.618,3
9.619,3
9.62,3
9.621,3
9.622,3
9.623,3
9.624,3
9.625,3
9.626,3
9.627,3
9.628,3
9.629,3
9.63,3
9.631,3
9.632,3
9.633,3
9.634,3
9.635,3
9.636,3
9.637,3
9.638,3
9.639,3
9.64,3
9.641,3
9.642,3
9.643,3
9.644,3
9.645,3
9.646,3
9.647,3
9.648,3
9.649,3
9.65,3
9.651,3
9.652,3
9.653,3
9.654,3
9.655,3
9.656,3
9.657,3
9.658,3
9.659,3
9.66,3
9.661,3
9.662,3
9.663,3
9.664,3
9.665,3
9.666,3
9.667,3
9.668,3
9.669,3
9.67,3
9.671,3
9.672,3
9.673,3
9.674,3
9.675,3
9.676,3
9.677,3
9.678,3
9.679,3
9.68,3
9.681,3
9.682,3
9.683,3
9.684,3
9.685,3
9.686,3
9.687,3
9.688,3
9.689,3
9.69,3
9.691,3
9.692,3
9.693,3
9.694,3
9.695,3
9.696,3
9.697,3
9.698,3
9.699,3
9.7,3
9.701,3
9.702,3
9.703,3
9.704,3
9.705,3
9.706,3
9.707,3
9.708,3
9.709,3
9.71,3
9.711,3
9.712,3
9.713,3
9.714,3
9.715,3
9.716,3
9.717,3
9.718,3
9.719,3
9.72,3
9.721,3
9.722,3
9.723,3
9.724,3
9.725,3
9.726,3
9.727,3
9.728,3
9.729,3
9.73,3
9.731,3
9.732,3
9.733,3
9.734,3
9.735,3
9.736,3
9.737,3
9.738,3
9.739,3
9.74,3
9.741,3
9.742,3
9.743,3
9.744,3
9.745,3
9.746,3
9.747,3
9.748,3
9.749,3
9.75,3
9.751,3
9.752,3
9.753,3
9.754,3
9.755,3
9.756,3
9.757,3
9.758,3
9.759,3
9.76,3
9.761,3
9.762,3
9.763,3
9.764,3
9.765,3
9.766,3
9.767,3
9.768,3
9.769,3
9.77,3
9.771,3
9.772,3
9.773,3
9.774,3
9.775,3
9.776,3
9.777,3
9.778,3
9.779,3
9.78,3
9.781,3
9.782,3
9.783,3
9.784,3
9.785,3
9.786,3
9.787,3
9.788,3
9.789,3
9.79,3
9.791,3
9.792,3
9.793,3
9.794,3
9.795,3
9.796,3
9.797,3
9.798,3
9.799,3
9.8,3
9.801,3
9.802,3
9.803,3
9.804,3
9.805,3
9.806,3
9.807,3
9.808,3
9.809,3
9.81,3
9.811,3
9.812,3
9.813,3
9.814,3
9.815,3
9.816,3
9.817,3
9.818,3
9.819,3
9.82,3
9.821,3
9.822,3
9.823,3
9.824,3
9.825,3
9.826,3
9.827,3
9.828,3
9.829,3
9.83,3
9.831,3
9.832,3
9.833,3
9.834,3
9.835,3
9.836,3
9.837,3
9.838,3
9.839,3
9.84,3
9.841,3
9.842,3
9.843,3
9.844,3
9.845,3
9.846,3
9.847,3
9.848,3
9.849,3
9.85,3
9.851,3
9.852,3
9.853,3
9.854,3
9.855,3
9.856,3
9.857,3
9.858,3
9.859,3
9.86,3
9.861,3
9.862,3
9.863,3
9.864,3
9.865,3
9.866,3
9.867,3
9.868,3
9.869,3
9.87,3
9.871,3
9.872,3
9.873,3
9.874,3
9.875,3
9.876,3
9.877,3
9.878,3
9.879,3
9.88,3
9.881,3
9.882,3
9.883,3
9.884,3
9.885,3
9.886,3
9.887,3
9.888,3
9.889,3
9.89,3
9.891,3
9.892,3
9.893,3
9.894,3
9.895,3
9.896,3
9.897,3
9.898,3
9.899,3
9.9,3
9.901,3
9.902,3
9.903,3
9.904,3
9.905,3
9.906,3
9.907,3
9.908,3
9.909,3
9.91,3
9.911,3
9.912,3
9.913,3
9.914,3
9.915,3
9.916,3
9.917,3
9.918,3
9.919,3
9.92,3
9.921,3
9.922,3
9.923,3
9.924,3
9.925,3
9.926,3
9.927,3
9.928,3
9.929,3
9.93,3
9.931,3
9.932,3
9.933,3
9.934,3
9.935,3
9.936,3
9.937,3
9.938,3
9.939,3
9.94,3
9.941,3
9.942,3
9.943,3
9.944,3
9.945,3
9.946,3
9.947,3
9.948,3
9.949,3
9.95,3
9.951,3
9.952,3
9.953,3
9.954,3
9.955,3
9.956,3
9.957,3
9.958,3
9.959,3
9.96,3
9.961,3
9.962,3
9.963,3
9.964,3
9.965,3
9.966,3
9.967,3
9.968,3
9.969,3
9.97,3
9.971,3
9.972,3
9.973,3
9.974,3
9.975,3
9.976,3
9.977,3
9.978,3
9.979,3
9.98,3
9.981,3
9.982,3
9.983,3
9.984,3
9.985,3
9.986,3
9.987,3
9.988,3
9.989,3
9.99,3
9.991,3
9.992,3
9.993,3
9.994,3
9.995,3
9.996,3
9.997,3
9.998,3
9.999,3
10,3
10.001,0
10.002,0
